parnumber,maf,cat,cat3,cap,pkg,val,dff,
DE1E3KX102MA4BN01F,,,,1000pF,,250V,,
MP2104KGD2RLC,SRD,电容,,,,275V,,
DE1E3KX472MA4BN01F,Murata,电容,,4700pF,,250V,±20%,
MP1104KRC3RLC,SRD,电容,,100nF,,300V,,
DE2E3KY472MA2BM01F,Murata,电容,,4700pF,,250V,±20%,
DE1E3KX102MA4BP01F,Murata,电容,,1000pF,,300V,±20%,
DE2E3KY472MN2AM01F,Murata,电容,,4700pF,,250V,±20%,
MEX103K275VACA01,TENTA,电容,,20.01uF,,275VAC,,
MEX224K275A233,TENTA,电容,,20.22uF,,275VAC,,
MP2104KVC3RLC,SRD,电容,,100nF,,320V,±10%,
MEX334K275A04,TENTA,电容,,20.33uF,,275VAC,,
MEX104K275A01,TENTA,电容,,20.1uF,,275VAC,,
MP2104KVC2RLC,SRD,电容,,100nF,,320V,±10%,
MP2104KGD2XLC,SRD,电容,,100nF,,275V,±10%,
MEX474K275A09,TENTA,电容,,20.47uF,,275VAC,,
MP1104KTC3RLC,SRD,电容,,100nF,,440V,±10%,
MP2154KVC3RLC,SRD,电容,,150nF,,320V,±10%,
MEX224K300A02,TENTA,电容,,10.22uF,,300V,,
MP2224KVC3RLC,SRD,电容,,220nF,,320V,±10%,
MEX473K275A01,TENTA,电容,,20.047uF,,275VAC,,
DE2F3KY103MN3AM02F,Murata,电容,,10000pF,,250V,±20%,
MP2104KGC3RLC,SRD,电容,,100nF,,275V,,
MP2224KGC3XLC,SRD,电容,,220nF,,275V,±10%,
MEX223K275VACA01,TENTA,电容,,20.022uF,,275VAC,,
B32529C3103K289,TDK,电容,,10nF,,250V,±10%,
B32529C0224J289,TDK,电容,,220nF,,63V,±5%,
B32529C1103J289,TDK,电容,,10nF,,100V,±5%,
B32529C1102J289,TDK,电容,,1nF,,100V,±5%,
B32529C1472J289,TDK,电容,,4.7nF,,100V,±5%,
B32529C0104J189,TDK,电容,,100nF,,63V,±5%,
B32529C0152K189,TDK,电容,,1.5nF,,63V,±10%,
MP1104KTD2RLC,SRD,电容,,100nF,,440V,,
MP2104KGB2RLC,SRD,电容,,100nF,,275V,±10%,
MEX105K275VAC,TENTA,电容,,21uF,,275VAC,,
B32529C0474J289,TDK,电容,,470nF,,63V,±5%,
MP1473KRC2RLC,SRD,电容,,47nF,,300V,±10%,
MP2222KGC2RLC,SRD,电容,,2.2nF,,275V,±10%,
B32529C0222J000,TDK,电容,,2.2nF,,63V,±5%,
MP2473KGC3RLC,SRD,电容,,47nF,,275V,±10%,
MP2224KVD2RLC,SRD,电容,,,,320V,,
MP1103KTC2RLC,SRD,电容,,10nF,,440V,±10%,
B32529C0105J289,TDK,电容,,1uF,,63V,±5%,
MP2474KGD4RLC,SRD,电容,,,,275V,,
MP1103KRC2RLC,SRD,电容,,10nF,,300V,±10%,
MEY222K275A01,TENTA,电容,,22200pF,,275VAC,,
MP2334KVD4RLC,SRD,电容,,330nF,,320V,±10%,
MP2473KGC2RLC,SRD,电容,,47nF,,275V,±10%,
B32652A0223J189,TDK,电容,,22nF,,250V,±5%,
B32921C3473M189,TDK,电容,,247nF,,305V,±20%,
MP1683KTC3RLC,SRD,电容,,68nF,,440V,±10%,
B32560J1474K000,TDK,电容,,470nF,,100V,±10%,
MP2224KGD4RLC,SRD,电容,,220nF,,275V,±10%,
MP1224KRD4RLC,SRD,电容,,220nF,,300V,±10%,
MP1472KRC2RLC,SRD,电容,,4.7nF,,300V,±10%,
MEY272K275A01,TENTA,电容,,22700pF,,275VAC,,
B32922C3154K189,TDK,电容,,2150nF,,305V,±10%,
B32921C3683K189,TDK,电容,,268nF,,305V,±10%,
MP2474KVD4RLC,SRD,电容,,470nF,,320V,±10%,
SC08B102K302YBL,FH,电容,,1nF,,,±10%,
MP2104KGD1RLC,SRD,电容,,100nF,,275V,±10%,
B32652A6223K000,TDK,电容,,22nF,,250V,±10%,
B32671L4104J000,TDK,电容,,100nF,,200V,±5%,
B32672L1123J000,TDK,电容,,12nF,,600V,±5%,
B32672L8102J003,TDK,电容,,1nF,,700V,±5%,
B32672L8152J003,TDK,电容,,1.5nF,,700V,±5%,
B32921C3683K000,TDK,电容,,268nF,,305V,±10%,
B32922C3473M000,TDK,电容,,247nF,,305V,±20%,
B32932A3104K030,TDK,电容,,2100nF,,305V,±10%,
MP1154KRD2RLC,SRD,电容,,150nF,,300V,±10%,
MP1683KTCARLC,SRD,电容,,68nF,,440V,±10%,
MP2184KGC3RLC,SRD,电容,,180nF,,275V,±10%,
MP2184KGCARLC,SRD,电容,,180nF,,275V,±10%,
MP2184KGD2RLC,SRD,电容,,180nF,,275V,±10%,
MP2563KGD1RLC,SRD,电容,,56nF,,275V,±10%,
MP2683KGC3RLC,SRD,电容,,68nF,,275V,±10%,
MP2683KVC3RLC,SRD,电容,,68nF,,320V,±10%,
MP2823K3D2RLC,SRD,电容,,82nF,,275V,±10%,
B32021A3102M289,TDK,电容,,1nF,,300V,±20%,
B32021A3472K000,TDK,电容,,4.7nF,,300V,±10%,
B32921C3103M289,TDK,电容,,210nF,,305V,±20%,
B32529D1105J000,TDK,电容,,1uF,,100V,±5%,
B32021A3332M000,TDK,电容,,3.3nF,,300V,±20%,
MP2334KGD2RLC,SRD,电容,,330nF,,275V,±10%,
MP2154KGD3RLC,SRD,电容,,150nF,,275V,±10%,
MP2683KGD1RLC,SRD,电容,,68nF,,275V,±10%,
MP2823KGC3RLC,SRD,电容,,82nF,,275V,±10%,
MP2104KVD2RLC,SRD,电容,,100nF,,320V,±10%,
MP1124KTD3RLC,SRD,电容,,120nF,,440V,±10%,
MP1154KRC3RLC,SRD,电容,,150nF,,300V,±10%,
B32652A6104K000,TDK,电容,,100nF,,630V,±10%,
MP1224KTCARLC,SRD,电容,,220nF,,440V,±10%,
MP1154KTC3RLC,SRD,电容,,150nF,,440V,±10%,
MP1683KRC2RLC,SRD,电容,,68nF,,300V,±10%,
MP2563KGC3RLC,SRD,电容,,56nF,,275V,±10%,
MP2105KGD8RLC,SRD,电容,,1uF,,275V,±10%,
B32022A3223M000,TDK,电容,,0.022uF,,500V,±20%,
MP2823KGD1RLC,SRD,电容,,82nF,,275V,±10%,
MP2823KGD2RLC,SRD,电容,,82nF,,275V,±10%,
MP2105KGE4XLC,SRD,电容,,1uF,,275V,±10%,
MP1683KRC3RLC,SRD,电容,,68nF,,300V,±10%,
MP2154KGC3RLC,SRD,电容,,150nF,,275V,±10%,
MP1473KTD3RLC,SRD,电容,,47nF,,440V,±10%,
MP2683KGC2RLC,SRD,电容,,68nF,,275V,±10%,
MEX274K300A02,TENTA,电容,,10.27uF,,300V,,
MP2104KGC2XLC,SRD,电容,,100nF,,275V,±10%,
MP2223KGD1RLC,SRD,电容,,22nF,,275V,±10%,
B32922C3224K189,TDK,电容,,2220nF,,305V,±10%,
MP2334KVD2RLC,SRD,电容,,330nF,,320V,±10%,
B32652A2222J000,TDK,电容,,2200pF,,2KV,±5%,
B81123C1102M000,TDK,电容,,1nF,,,±20%,
MP1333KRC2RLC,SRD,电容,,33nF,,300V,±10%,
B32652A6104J289,TDK,电容,,100nF,,250V,±10%,
B32021A3682K289,TDK,电容,,6.8nF,,300V,±10%,
B32921C3103K000,TDK,电容,,10nF,,305V,±10%,
MP1224KRC3RLC,SRD,电容,,220nF,,300V,±10%,
MP2103KGC2RLC,SRD,电容,,10nF,,275V,±10%,
MP1473KTC3RLC,SRD,电容,,47nF,,440V,±10%,
MP2334KVCARLC,SRD,电容,,,,320V,,
MP2154KGC3XLC,SRD,电容,,150nF,,275V,±10%,
B32652A7223J189,TDK,电容,,22nF,,500V,±5%,
B32521C1105J289,TDK,电容,,1uF,,100V,±5%,
B32921C3683M289,TDK,电容,,268nF,,305V,±20%,
MP2472KGC2RLC,SRD,电容,,4.7nF,,275V,±10%,
DE1E3KX222MA4BN01F,Murata,电容,,2200pF,,250V,±20%,
MP1153KRC2RLC,SRD,电容,,15nF,,300V,±10%,
MEX334K300A04,TENTA,电容,,10.33uF,,300V,,
MP2334KGCASLC,SRD,电容,,330nF,,275V,±10%,
MP2224KGD2XLC,SRD,电容,,220nF,,275V,±10%,
MP2684KGF1RLC,SRD,电容,,680nF,,275V,±10%,
B32923D3334K189,TDK,电容,,2330nF,,305V,±10%,
MEY473K275A01,TENTA,电容,,20.047uF,,275VAC,,
MP2154KGD2RLC,SRD,电容,,150nF,,275V,±10%,
MEX104K275A41,TENTA,电容,,20.1uF,,275VAC,,
MP2333KGC1RLC,SRD,电容,,33nF,,275V,±10%,
B32923C3105M000,TDK,电容,,21uF,,305V,±20%,
MEY152K275A03,TENTA,电容,,21500pF,,275VAC,,
B32652A6224K000,TDK,电容,,220nF,,250V,±10%,
B32923D3334K006,TDK,电容,,2330nF,,305V,±10%,
MP1394KRDARLC,SRD,电容,,390nF,,300V,±10%,
MP2154KGD3SLC,SRD,电容,,150nF,,275V,±10%,
MP2394KGDARLC,SRD,电容,,390nF,,275V,±10%,
B32672L1333J000,TDK,电容,,33nF,,600V,±5%,
B32642B1273J000,TDK,电容,,27nF,,500V,±5%,
B32652A0104K000,TDK,电容,,100nF,,250V,±10%,
B81123C1472M000,TDK,电容,,14.7nF,,500V,±20%,
MP2394KGD5RLC,SRD,电容,,390nF,,275V,±10%,
MP2394KGD3RLC,SRD,电容,,390nF,,275V,±10%,
MP1103KRD1RLC,SRD,电容,,10nF,,300V,±10%,
MP1154KTD3RLC,SRD,电容,,150nF,,440V,±10%,
MP2473KGD3RLC,SRD,电容,,47nF,,275V,±10%,
MP2103KGB1RLC,SRD,电容,,10nF,,275V,±10%,
MP2224KGD2RLC,SRD,电容,,220nF,,275V,,
MP2153KGC2RLC,SRD,电容,,15nF,,275V,±10%,
MP2224KGCARLC,SRD,电容,,220nF,,275V,±10%,
B32022A3473M000,TDK,电容,,47nF,,300V,±20%,
MP2124KGD2RLC,SRD,电容,,120nF,,275V,±10%,
MP2224KVD4RLC,SRD,电容,,220nF,,320V,±10%,
MP2274KGD4RLC,SRD,电容,,270nF,,275V,±10%,
MP2473KVC3RLC,SRD,电容,,47nF,,320V,±10%,
MP2474KGD5RLC,SRD,电容,,470nF,,275V,±10%,
MP1224KTD4RLC,SRD,电容,,220nF,,440V,±10%,
B32562J6474K000,TDK,电容,,470nF,,400V,±10%,
MEX104K300A01,TENTA,电容,,100nF,,300VAC,,
MP2333KGC2RLC,SRD,电容,,33nF,,275V,±10%,
MP2474KGDARLC,SRD,电容,,470nF,,275V,±10%,
B32922C3154K000,TDK,电容,,150nF,,305V,±10%,
MP2105KGE3RLC,SRD,电容,,1uF,,275V,,
MP1224KRE2RLC,SRD,电容,,220nF,,300V,±10%,
MP1474KRE4RLC,SRD,电容,,470nF,,300V,±10%,
MP1564KRE4RLC,SRD,电容,,560nF,,300V,±10%,
MP2154KGE1RLC,SRD,电容,,150nF,,275V,±10%,
MP2394KGE4RLC,SRD,电容,,390nF,,275V,±10%,
MP2564KGE3RLC,SRD,电容,,560nF,,275V,±10%,
MP2684KGE4SLC,SRD,电容,,680nF,,275V,±10%,
MP1154KTE4RLC,SRD,电容,,150nF,,440V,±10%,
MP2564KGE4RLC,SRD,电容,,560nF,,275V,±10%,
MP1334KRD4RLC,SRD,电容,,330nF,,300V,±10%,
MP1684KTE4RLC,SRD,电容,,680nF,,440V,±10%,
MP2684KGE3RLC,SRD,电容,,680nF,,275V,±10%,
MP2824KGE4RLC,SRD,电容,,820nF,,275V,±10%,
MP1184KTE4RLC,SRD,电容,,180nF,,440V,±10%,
MP2334KGD3RLC,SRD,电容,,330nF,,275V,±10%,
MP2334KGE3RLC,SRD,电容,,330nF,,275V,±10%,
MP1474KRDARLC,SRD,电容,,470nF,,300V,±10%,
MP2474KGE4RLC,SRD,电容,,470nF,,275V,±10%,
MP2223KGC2RLC,SRD,电容,,22nF,,275V,±10%,
MEY102K275A01,TENTA,电容,,21000PF,,275VAC,,
MP2332KGC2RLC,SRD,电容,,3.3nF,,275V,±10%,
B32654A0334J000,TDK,电容,,330nF,,250V,±5%,
MP2223KGC1RLC,SRD,电容,,22nF,,275V,±10%,
MP2334KGE2RLC,SRD,电容,,330nF,,275V,±10%,
B32923C3105M026,TDK,电容,,21uF,,305V,±20%,
MP1223KRC2RLC,SRD,电容,,22nF,,300V,±10%,
MP2105KGF1RLC,SRD,电容,,1uF,,275V,±10%,
MP2684KGE4RLC,SRD,电容,,680nF,,275V,±10%,
MEY223K275A04,TENTA,电容,,222nF,,275VAC,,
B32923C3225M000,TDK,电容,,22.2uF,,305V,±20%,
B32924C3225M000,TDK,电容,,22.2uF,,305V,±20%,
MP1684KRD8RLC,SRD,电容,,680nF,,300V,±10%,
MP2105KGE3SLC,SRD,电容,,1uF,,275V,±10%,
MP2684KGE2RLC,SRD,电容,,680nF,,275V,±10%,
MP2684KGDAXLC,SRD,电容,,680nF,,275V,±10%,
B32922C3684K000,TDK,电容,,680nF,,305V,±10%,
MP1104KRD2RLC,SRD,电容,,100nF,,300V,,
MP1103KRB1RLC,SRD,电容,,10nF,,300V,±10%,
MP2334KGD4RLC,SRD,电容,,330nF,,275V,±10%,
MP2473KGD1RLC,SRD,电容,,47nF,,275V,±10%,
B32924D3335K000,TDK,电容,,23.3uF,,305V,±10%,
MP2105KVE3RLC,SRD,电容,,1uF,,320V,±10%,
B32924C3335M000,TDK,电容,,23.3uF,,305V,±20%,
MP1474KRF1RLC,SRD,电容,,470nF,,300V,±10%,
MP2105KGE5RLC,SRD,电容,,1uF,,275V,±10%,
MP2155KGF3RLC,SRD,电容,,1.5uF,,275V,±10%,
MEY332K275A02,TENTA,电容,,23300pF,,275VAC,,
B32654A7334K000,TDK,电容,,330nF,,500V,±10%,
MP2105KGE6RLC,SRD,电容,,1uF,,275V,±10%,
MP1125KRE6RLC,SRD,电容,,1.2uF,,300V,±10%,
MP1155KRE5RLC,SRD,电容,,1.5uF,,300V,±10%,
MP2185KGE6RLC,SRD,电容,,1.8uF,,275V,±10%,
B32776E8146K000,TDK,电容,,14uF,,800V,±10%,
MP1474KTDARLC,SRD,电容,,470nF,,440V,±10%,
MP1105KTE7RLC,SRD,电容,,1uF,,440V,±10%,
MP1224KTE2RLC,SRD,电容,,220nF,,440V,±10%,
MP1105KRE6RLC,SRD,电容,,1uF,,300V,±10%,
MP2205K3F1RLC,SRD,电容,,2uF,,280V,±10%,
MEX154K275A55,TENTA,电容,,20.15uF,,275VAC,,
B32654A1154K000,TDK,电容,,150nF,,1600V,±10%,
MP2205KGF3RLC,SRD,电容,,2uF,,275V,±10%,
MP2334KGDARLC,SRD,电容,,330nF,,275V,±10%,
MP2155KGF2RLC,SRD,电容,,1.5uF,,275V,±10%,
MP2225KGE7RLC,SRD,电容,,2.2uF,,275V,±10%,
MP1105KTF2RLC,SRD,电容,,1uF,,440V,,
MP1225KRF3RLC,SRD,电容,,2.2uF,,300V,±10%,
DE1E3KX222MN4AN01F,Murata,电容,,2200pF,,250V,±20%,
MP2225KGF3RLC,SRD,电容,,2.2uF,,275V,±10%,
MP2155KGE6RLC,SRD,电容,,1.5uF,,275V,±10%,
B32923C3225M006,TDK,电容,,22.2uF,,305V,±20%,
MP2405KGF4RLC,SRD,电容,,4uF,,275V,±10%,
MP2205KGF1RLC,SRD,电容,,2uF,,275V,±10%,
MP2475KGF8RLC,SRD,电容,,4.7uF,,275V,±10%,
MP1335KRF8RLC,SRD,电容,,3.3uF,,300V,±10%,
MP2473KGB2RLC,SRD,电容,,47nF,,275V,±10%,
DE2E3KY222MN3AM02F,Murata,电容,,2.2nF,,,±20%,
MP2335KGF8RLC,SRD,电容,,3.3uF,,275V,±10%,
MP2105KGF2RLC,SRD,电容,,1uF,,275V,±10%,
MP2475KGF7RLC,SRD,电容,,4.7uF,,275V,±10%,
MP1474KTE4RLC,SRD,电容,,470nF,,440V,,
MP2305KGF3RLC,SRD,电容,,3uF,,275V,±10%,
MP1274KTF1RLC,SRD,电容,,270nF,,440V,±10%,
MP2684KVDARLC,SRD,电容,,680nF,,320V,±10%,
MP2103KGC2SLC,SRD,电容,,10nF,,275V,±10%,
MP2224KGC3RLC,SRD,电容,,220nF,,275V,±10%,
MEY333K275A01,TENTA,电容,,20.033uF,,275VAC,,
MP2125KGE6RLC,SRD,电容,,1.2uF,,275V,±10%,
MP2474KGDASLC,SRD,电容,,470nF,,275V,±10%,
MEX474K300A01,TENTA,电容,,10.47uF,,300V,,
CS45-E2GA222M-NKA,TDK,电容,,,,,,
B25620B1427A101,TDK,电容,,420uF,,100V,±15%,
CS45-E2GA102M-NKA,TDK,电容,,,,,,
MP1224KTE4RLC,SRD,电容,,220nF,,440V,±10%,
MP2104KGC3SLC,SRD,电容,,100nF,,275V,±10%,
MP2105K3F2ULC,SRD,电容,,1uF,,280V,±10%,
MP2205KGE7RLC,SRD,电容,,2uF,,275V,±10%,
MP2224KGE2RLC,SRD,电容,,220nF,,275V,±10%,
MP2474KGF1RLC,SRD,电容,,470nF,,275V,±10%,
MEY472K275A08,TENTA,电容,,24700pF,,275VAC,,
MEX224K300A07,TENTA,电容,,10.22uF,,300V,,
MP2224KGD3RLC,SRD,电容,,220nF,,275V,,
MP2474KGE2RLC,SRD,电容,,470uF,,275V,,
MP2225KGF2RLC,SRD,电容,,2.2uF,,275V,,
0805B104K101,WTC,电容,,100nF,805,100V,±10%,
CC1206KKX7RDBB102,YAGEO,电容,,1000pF,,2kVDC,±10%,
1206B102K102NT,FH,电容,,1nF,,1KV,±10%,
1206B104K101,WTC,电容,,100nF,,100V,±10%,
0603B222K101,WTC,电容,,2.2nF,603,100V,±10%,
1206B105K101,WTC,电容,,1uF,,100V,±10%,
0805B102K501,WTC,电容,,1nF,805,500V,±10%,
C1210X225K101T,HEC,电容,,2.2uF,,100V,±10%,
0805N101J101,WTC,电容,,100pF,805,100V,±5%,
C1206X102K501T,HEC,电容,,1nF,,500V,±10%,
1206B104K251,WTC,电容,,100nF,,250V,±10%,
1206B103K631,WTC,电容,,10nF,,630V,±10%,
CC1206KKX7RCBB471,YAGEO,电容,,470pF,,1kVDC,±10%,
1206B224K101,WTC,电容,,220nF,,100V,±10%,
C1812X104K102T,HEC,电容,,100nF,,1000V,±10%,
1206B102K202,WTC,电容,,1nF,,2KV,±10%,
C1206X472K201T,HEC,电容,,4.7nF,,200V,±10%,
C0603N220J101T,HEC,电容,,22pF,603,100V,±5%,
C1206X472K251T,HEC,电容,,4.7nF,,250V,±10%,
1206B472K102,WTC,电容,,4.7nF,,1KV,±10%,
C0805N102J101T,HEC,电容,,1nF,805,100V,±5%,
0805B102K201,WTC,电容,,1nF,805,200V,±10%,
0805B103K201,WTC,电容,,10nF,805,200V,±10%,
1206B103K102,WTC,电容,,10nF,,1KV,±10%,
0603B471K101,WTC,电容,,470pF,603,100V,±10%,
1206B103K501,WTC,电容,,10nF,,500V,±10%,
C1206X103K501T,HEC,电容,,10nF,,500V,±10%,
0805B103K501,WTC,电容,,10nF,805,500V,±10%,
0603N330J101,WTC,电容,,33pF,603,100V,±5%,
C0805X104K101T,HEC,电容,,100nF,805,100V,±10%,
0805N330J501,WTC,电容,,33pF,805,500V,±5%,
C1206X471K251T,HEC,电容,,470pF,,250V,±10%,
C0805N151J101T,HEC,电容,,150pF,805,100V,±5%,
1206B222K102,WTC,电容,,2.2nF,,1KV,±10%,
C1206X104K101T,HEC,电容,,100nF,,100V,±10%,
C1206X102K102T,HEC,电容,,1nF,,1000V,±10%,
C0805N561K251T,HEC,电容,,560pF,805,250V,±10%,
C1206X102K202T,HEC,电容,,1nF,,2000V,±10%,
C1812X104K631T,HEC,电容,,100nF,,630V,±10%,
C1206X332K251T,HEC,电容,,3.3nF,,250V,±10%,
0805B222K101,WTC,电容,,2.2nF,805,100V,±10%,
0603N101J251,WTC,电容,,100pF,603,250V,±5%,
C1206X221K101T,HEC,电容,,220pF,,100V,±10%,
C1206X151K102T,HEC,电容,,150pF,,1000V,±10%,
0805B222K251,WTC,电容,,2.2nF,805,250V,±10%,
C1206X333K251T,HEC,电容,,33nF,,250V,±10%,
0805B681K101,WTC,电容,,680pF,805,100V,±10%,
C1206X223K251T,HEC,电容,,22nF,,250V,±10%,
C1206X222K251T,HEC,电容,,2.2nF,,250V,±10%,
0805B102K251,WTC,电容,,1nF,805,250V,±10%,
0805N560J101,WTC,电容,,56pF,805,100V,±5%,
C1206X105K101T,HEC,电容,,1uF,,100V,±10%,
0805B471K251,WTC,电容,,470pF,805,250V,±10%,
C1812X225K101T,HEC,电容,,2.2uF,,100V,±10%,
C1210X225M101T,HEC,电容,,2.2uF,,100V,±20%,
0805N102J101,WTC,电容,,1nF,805,100V,±5%,
C1206N150J102T,HEC,电容,,15pF,,1000V,±5%,
C1206X224K101T,HEC,电容,,220nF,,100V,±10%,
C1206X471K102T,HEC,电容,,470pF,,1000V,±10%,
0805B473K101,WTC,电容,,47nF,805,100V,±10%,
C1812X104K251T,HEC,电容,,100nF,,250V,±10%,
1206N101J102,WTC,电容,,100pF,,1KV,±5%,
0805B103K101,WTC,电容,,10nF,805,100V,±10%,
1206B122K251,WTC,电容,,1.2nF,,250V,±10%,
1206B102K501,WTC,电容,,1nF,,500V,±10%,
C0603X104K101T,HEC,电容,,100nF,603,100V,±10%,
1808B102K202NT,FH,电容,,1nF,,2KV,±10%,
C0805X105K101T,HEC,电容,,1uF,805,100V,±10%,
1206N100J102,WTC,电容,,10pF,,1KV,±5%,
0805B471K501,WTC,电容,,470pF,805,500V,±10%,
C0805X103K201T,HEC,电容,,10nF,805,200V,±10%,
0805B472K201,WTC,电容,,4.7nF,805,200V,±10%,
CC1206KKX7RCBB221,YAGEO,电容,,220pF,,1kVDC,±10%,
1206B683K201,WTC,电容,,68nF,,200V,±10%,
0805B221K251,WTC,电容,,220pF,805,250V,±10%,
0805B223K251,WTC,电容,,22nF,805,250V,±10%,
0603B221K101,WTC,电容,,220pF,603,100V,±10%,
C1206N220J102T,HEC,电容,,22pF,,1000V,±5%,
1206N680J202,WTC,电容,,68pF,,2KV,±5%,
0805B471K201,WTC,电容,,470pF,805,200V,±10%,
0805N101J201,WTC,电容,,100pF,805,200V,±5%,
1206B471K251,WTC,电容,,470pF,,250V,±10%,
C1210X105K101T,HEC,电容,,1uF,,100V,±10%,
C1206X681K102T,HEC,电容,,680pF,,1000V,±10%,
C1206X102K251T,HEC,电容,,1nF,,250V,±10%,
0805B152K101,WTC,电容,,1.5nF,805,100V,±10%,
1206N222J631,WTC,电容,,2.2nF,,630V,±5%,
1206B681K102,WTC,电容,,680pF,,1KV,±10%,
1206B222K631,WTC,电容,,2.2nF,,630V,±10%,
0805N471J251,WTC,电容,,470pF,805,250V,±5%,
1206B103K251,WTC,电容,,10nF,,250V,±10%,
C1206X103K251T,HEC,电容,,10nF,,250V,±10%,
0603B103K101,WTC,电容,,10nF,603,100V,±10%,
C1808X222K202T,HEC,电容,,2.2nF,,2000V,±10%,
C1210X104K501T,HEC,电容,,100nF,,500V,±10%,
0805B472K501,WTC,电容,,4.7nF,805,500V,±10%,
0805B103K251,WTC,电容,,10nF,805,250V,±10%,
1210B105K101,WTC,电容,,1uF,,100V,±10%,
0805B221K501,WTC,电容,,220pF,805,500V,±10%,
C1206X103K101T,HEC,电容,,10nF,,100V,±10%,
C1206X104K451T,HEC,电容,,100nF,,450V,±10%,
1206B222K501,WTC,电容,,2.2nF,,500V,±10%,
C1206X224K251T3K,HEC,电容,,220nF,,250V,±10%,
0805B472K101,WTC,电容,,4.7nF,805,100V,±10%,
C1206X331K101T,HEC,电容,,330pF,,100V,±10%,
C1206X472M251T,HEC,电容,,4.7nF,,250V,±20%,
C0805N471K251T,HEC,电容,,470pF,805,250V,±10%,
C0805N681J251T,HEC,电容,,680pF,805,250V,±5%,
C1206X681K101T,HEC,电容,,680pF,,100V,±10%,
C0805N221K251T,HEC,电容,,220pF,805,250V,±10%,
C0805X102K251T,HEC,电容,,1nF,805,250V,±10%,
C0805X681K251T,HEC,电容,,680pF,805,250V,±10%,
C0805N331K251T,HEC,电容,,330pF,805,250V,±10%,
C1206X473K251T,HEC,电容,,47nF,,250V,±10%,
0805B391K101NT,FH,电容,,390pF,805,100V,±10%,
C0805N331J101T,HEC,电容,,330pF,805,100V,±5%,
C1206X332K501T,HEC,电容,,3.3nF,,500V,±10%,
C1812X103K202T,HEC,电容,,10nF,,2000V,±10%,
C0805N101J251T,HEC,电容,,100pF,805,250V,±5%,
C1206X331K201T,HEC,电容,,330pF,,200V,±10%,
C1206N101J102T,HEC,电容,,100pF,,1000V,±5%,
0805N331J101,WTC,电容,,330pF,805,100V,±5%,
0805B331K501,WTC,电容,,330pF,805,500V,±10%,
C0805X221K251T,HEC,电容,,220pF,805,250V,±10%,
0805B102K101,WTC,电容,,1nF,805,100V,±10%,
C1812X474K251T2.0M,HEC,电容,,470nF,,250V,±10%,
C1206X471K201T,HEC,电容,,470pF,,200V,±10%,
0805N221J101,WTC,电容,,220pF,805,100V,±5%,
0805B472K251,WTC,电容,,4.7nF,805,250V,±10%,
1206B102K101,WTC,电容,,1nF,,100V,±10%,
0805N560J251,WTC,电容,,56pF,805,250V,±5%,
C0603X221K101T,HEC,电容,,220pF,603,100V,±10%,
C0805X222K251T,HEC,电容,,2.2nF,805,250V,±10%,
C0805X153K251T,HEC,电容,,15nF,805,250V,±10%,
C1808X151K302T,HEC,电容,,150pF,,3000V,±10%,
C1206X332K101T,HEC,电容,,3.3nF,,100V,±10%,
C0805N102J251T,HEC,电容,,1nF,805,250V,±5%,
C1206N681K631T,HEC,电容,,680pF,,630V,±10%,
C1206X473K631T,HEC,电容,,47nF,,630V,±10%,
C1206X471K101T,HEC,电容,,470pF,,100V,±10%,
C1808N680J202T,HEC,电容,,68pF,,2000V,±5%,
C1210X223K501T,HEC,电容,,22nF,,500V,±10%,
C1206N470J202T,HEC,电容,,47pF,,2000V,±5%,
C0805N471K501T,HEC,电容,,470pF,805,500V,±10%,
C1210X224K201T,HEC,电容,,220nF,,200V,±10%,
0805B221K201,WTC,电容,,220pF,805,200V,±10%,
C1206X473K101T,HEC,电容,,47nF,,100V,±10%,
C1206X682K102T,HEC,电容,,6.8nF,,1000V,±10%,
C1206N330J102T,HEC,电容,,33pF,,1000V,±5%,
C1206X471K202T,HEC,电容,,470pF,,2000V,±10%,
C1206X222K101T,HEC,电容,,2.2nF,,100V,±10%,
0805B331K201,WTC,电容,,330pF,805,200V,±10%,
C0805X473K101T,HEC,电容,,47nF,805,100V,±10%,
C1206X472K101T,HEC,电容,,4.7nF,,100V,±10%,
C1206X333K501T,HEC,电容,,33nF,,500V,±10%,
C1206N471J501T,HEC,电容,,470pF,,500V,±5%,
1206B221K102,WTC,电容,,220pF,,1KV,±10%,
C1206X332K102T,HEC,电容,,3.3nF,,1000V,±10%,
C1206X331K102T,HEC,电容,,330pF,,1000V,±10%,
C1210N101J202T,HEC,电容,,100pF,,2000V,±5%,
1206B332K631,WTC,电容,,3.3nF,,630V,±10%,
C1210X102K202T,HEC,电容,,1nF,,2000V,±10%,
C1206X153K631T,HEC,电容,,15nF,,630V,±10%,
1206B102K102,WTC,电容,,1nF,,1KV,±10%,
1206B472K501,WTC,电容,,4.7nF,,500V,±10%,
C1812X105K251T1K,HEC,电容,,1uF,,250V,±10%,
C1808X102K202T,HEC,电容,,1nF,,2000V,±10%,
C1206N222J501T,HEC,电容,,2.2nF,,500V,±5%,
C1206N100J202T,HEC,电容,,10pF,,2000V,±5%,
C1206N271J102T,HEC,电容,,270pF,,1000V,±5%,
C1206X103K201T,HEC,电容,,10nF,,200V,±10%,
C0805N820J101T,HEC,电容,,82pF,805,100V,±5%,
C1206N680J102T,HEC,电容,,68pF,,1000V,±5%,
C0805N471J501T,HEC,电容,,470pF,805,500V,±5%,
C1206N101J202T,HEC,电容,,100pF,,2000V,±5%,
C0603X223K101T,HEC,电容,,22nF,603,100V,±10%,
1206B683K251,WTC,电容,,68nF,,250V,±10%,
C1808N680J302T,HEC,电容,,68pF,,3000V,±5%,
C1812X102K202T,HEC,电容,,1nF,,2000V,±10%,
C1812N331J202T,HEC,电容,,330pF,,2000V,±5%,
C1210X104K251T,HEC,电容,,100nF,,250V,±10%,
C0805X103K101T,HEC,电容,,10nF,805,100V,±10%,
C1206X222K201T,HEC,电容,,2.2nF,,200V,±10%,
C1206X273K631T,HEC,电容,,27nF,,630V,±10%,
C0805X102K501T,HEC,电容,,1nF,805,500V,±10%,
C1210N473K101T,HEC,电容,,47nF,,100V,±10%,
C1808X681K302T,HEC,电容,,680pF,,3000V,±10%,
C1206N332J631T,HEC,电容,,3.3nF,,630V,±5%,
C1206X222K501T,HEC,电容,,2.2nF,,500V,±10%,
C1210X103K102T,HEC,电容,,10nF,,1000V,±10%,
1808B102K202,WTC,电容,,1nF,,2KV,±10%,
C1206N152K631T,HEC,电容,,1.5nF,,630V,±10%,
C1210N561J102T,HEC,电容,,560pF,,1000V,±5%,
1206B471K501,WTC,电容,,470pF,,500V,±10%,
C1206X152K202T,HEC,电容,,1.5nF,,2000V,±10%,
C1206N103K101T,HEC,电容,,10nF,,100V,±10%,
C1206N102J501T,HEC,电容,,1nF,,500V,±5%,
C1210X224K101T,HEC,电容,,220nF,,100V,±10%,
C1808X102M502T0,HEC,电容,,1nF,,5000V,±20%,
1206B102K251,WTC,电容,,1nF,,250V,±10%,
1206B222K101,WTC,电容,,2.2nF,,100V,±10%,
C1206X472K501T,HEC,电容,,4.7nF,,500V,±10%,
C1206N103J101T,HEC,电容,,10nF,,100V,±5%,
C1206N221J202T,HEC,电容,,220pF,,2000V,±5%,
C1206X223K101T,HEC,电容,,22nF,,100V,±10%,
C1808X471K302T,HEC,电容,,470pF,,3000V,±10%,
C1210X224K251T,HEC,电容,,220nF,,250V,±10%,
C1206N560J102T,HEC,电容,,56pF,,1000V,±5%,
C0805X331K251T,HEC,电容,,330pF,805,250V,±10%,
C1206N820J102T,HEC,电容,,82pF,,1000V,±5%,
C1206X222K202T,HEC,电容,,2.2nF,,2000V,±10%,
C1206N681J102T,HEC,电容,,680pF,,1000V,±5%,
C1206X472K102T,HEC,电容,,4.7nF,,1000V,±10%,
C1206X821K102T,HEC,电容,,820pF,,1000V,±10%,
C1206X224K251T,HEC,电容,,220nF,,250V,±10%,
C1206X221K501T,HEC,电容,,220pF,,500V,±10%,
C1808N331J202T,HEC,电容,,330pF,,2000V,±5%,
0805B331K101,WTC,电容,,330pF,805,100V,±10%,
C1206X224K201T,HEC,电容,,220nF,,200V,±10%,
C1210X222K202T,HEC,电容,,2.2nF,,2000V,±10%,
C1206X563K501T,HEC,电容,,56nF,,500V,±10%,
0805N470J501,WTC,电容,,47pF,805,500V,±5%,
C0805N101J201T,HEC,电容,,100pF,805,200V,±5%,
C1206N680J202T,HEC,电容,,68pF,,2000V,±5%,
0805B152K631,WTC,电容,,1.5nF,805,630V,±10%,
0603B223K101,WTC,电容,,22nF,603,100V,±10%,
C1210X225M101TX,HEC,电容,,2.2uF,,100V,±20%,
C1206X472K202T,HEC,电容,,4.7nF,,2000V,±10%,
C1206X561K102T,HEC,电容,,560pF,,1000V,±10%,
C1206X221K251T,HEC,电容,,220pF,,250V,±10%,
C1206X333K631T,HEC,电容,,33nF,,630V,±10%,
C1206N471J102T,HEC,电容,,470pF,,1000V,±5%,
C1812X103K102T,HEC,电容,,10nF,,1000V,±10%,
C1210X473K501T,HEC,电容,,47nF,,500V,±10%,
C0805X103K251T,HEC,电容,,10nF,805,250V,±10%,
C0805X223K251T,HEC,电容,,22nF,805,250V,±10%,
C1812X274K101T,HEC,电容,,270nF,,100V,±10%,
C1812X682K102T,HEC,电容,,6.8nF,,1000V,±10%,
C1812X824K101T,HEC,电容,,820nF,,100V,±10%,
C2021X151K302T,HEC,电容,,150pF,,3000V,±10%,
C2211X151K302T,HEC,电容,,150pF,,3000V,±10%,
CT81N5Y5V1B102MSE,FH,电容,,1nF,,1KV,±20%,
C1812X561K502T,HEC,电容,,560pF,,5000V,±10%,
C2021X561K502T,HEC,电容,,560pF,,5000V,±10%,
CT81M10Y5P1D222KSE,FH,电容,,2.2nF,,2KV,±10%,
C1812N682J501T,HEC,电容,,6.8nF,,500V,±5%,
C1812X332K202T,HEC,电容,,3.3nF,,2000V,±10%,
C1210X104M501T,HEC,电容,,100nF,,500V,±20%,
C1812X682K202T,HEC,电容,,6.8nF,,2000V,±10%,
C1206N102J102T,HEC,电容,,1nF,,1000V,±5%,
C1210X102K102T,HEC,电容,,1nF,,1000V,±10%,
0805N102J201,WTC,电容,,1nF,805,200V,±5%,
1812B334K251,WTC,电容,,330nF,,250V,±10%,
C1210X104M351T,HEC,电容,,100nF,,350V,±20%,
C1812X332K302T,HEC,电容,,3.3nF,,3000V,±10%,
C1206X474K101T,HEC,电容,,470nF,,100V,±10%,
C1812N102J202T,HEC,电容,,1nF,,2000V,±5%,
C1812X471K102T,HEC,电容,,470pF,,1000V,±10%,
C1206X273K501T,HEC,电容,,27nF,,500V,±10%,
C1808N330J302T,HEC,电容,,33pF,,3000V,±5%,
C1812X334K251T,HEC,电容,,330nF,,250V,±10%,
CC0805KKX7RBBB103,YAGEO,电容,,0.01uF,,500VDC,±10%,
0805B222K501,WTC,电容,,2.2nF,805,500V,±10%,
1210B223K501,WTC,电容,,22nF,,500V,±10%,
C1206X221K102T,HEC,电容,,220pF,,1000V,±10%,
C1210X223K102T,HEC,电容,,22nF,,1000V,±10%,
C1812X473K102T,HEC,电容,,47nF,,1000V,±10%,
C1206N470J102T,HEC,电容,,47pF,,1000V,±5%,
C1210X473K102T,HEC,电容,,47nF,,1000V,±10%,
C1812X224K251T,HEC,电容,,220nF,,250V,±10%,
C1206N222K631T,HEC,电容,,2.2nF,,630V,±10%,
C1206X272K501T,HEC,电容,,2.7nF,,500V,±10%,
C1206X334K101T,HEC,电容,,330nF,,100V,±10%,
1206B152K501,WTC,电容,,1.5nF,,500V,±10%,
1210B474K251,WTC,电容,,470nF,,250V,±10%,
C1812X105K101T,HEC,电容,,1uF,,100V,±10%,
C1206X103K202T,HEC,电容,,10nF,,2000V,±10%,
CT81P12Y5V4D103MTE,FH,电容,,10nF,,3KV,±20%,
C0805N101J501T,HEC,电容,,100pF,805,500V,±5%,
C1206X473K501T,HEC,电容,,47nF,,500V,±10%,
C1812N102J302T,HEC,电容,,1nF,,3000V,±5%,
C1812X105K251T,HEC,电容,,1uF,,250V,±10%,
C1812X472K202T,HEC,电容,,4.7nF,,2000V,±10%,
C1812X474K501T,HEC,电容,,470nF,,500V,±10%,
C1812X222K202T,HEC,电容,,2.2nF,,2000V,±10%,
C1812N683K101T,HEC,电容,,68nF,,100V,±10%,
C1812X471K202T,HEC,电容,,470pF,,2000V,±10%,
C1812X824K451T,HEC,电容,,820nF,,450V,±10%,
C1812X684K451T,HEC,电容,,680nF,,450V,±10%,
1206B103K101,WTC,电容,,10nF,,100V,±10%,
C1206X104K251T,HEC,电容,,100nF,,250V,±10%,
C1812X104K501T,HEC,电容,,100nF,,500V,±10%,
C1206N5R0C102T,HEC,电容,,5pF,,1000V,±5%,
C1206X102K201T,HEC,电容,,1nF,,200V,±10%,
C1812N104K101T,HEC,电容,,100nF,,100V,±10%,
C1812X474K451T,HEC,电容,,470nF,,450V,±10%,
C1812X102K102T,HEC,电容,,1nF,,1000V,±10%,
C1210X683K631T,HEC,电容,,68nF,,630V,±10%,
C1206X222K102T,HEC,电容,,2.2nF,,1000V,±10%,
C0805X102K102T,HEC,电容,,1nF,805,1000V,±10%,
C1206X223K501T,HEC,电容,,22nF,,500V,±10%,
1206B223K631,WTC,电容,,22nF,,630V,±10%,
C1206X225K101T,HEC,电容,,2.2uF,,100V,±10%,
C1206N100J102T,HEC,电容,,10pF,,1000V,±5%,
C1206X223K631T,HEC,电容,,22nF,,630V,±10%,
C1210X474M251T,HEC,电容,,470nF,,250V,±20%,
CT81N9Y5V1B103MSE,FH,电容,,10nF,,1KV,±20%,
0603B102K101,WTC,电容,,1nF,603,100V,±10%,
0603N101J101,WTC,电容,,100pF,603,100V,±5%,
0805B471K101,WTC,电容,,470pF,805,100V,±10%,
0805B681K201,WTC,电容,,680pF,805,200V,±10%,
0805B681K251,WTC,电容,,680pF,805,250V,±10%,
1206B104K201,WTC,电容,,100nF,,200V,±10%,
1206B152K251,WTC,电容,,1.5nF,,250V,±10%,
1206B471K102,WTC,电容,,470pF,,1KV,±10%,
1206N220J102,WTC,电容,,22pF,,1KV,±5%,
1206N470J102,WTC,电容,,47pF,,1KV,±5%,
1206CG5R0C102NT,FH,电容,,5.0pF,,1KV,,
2220B105K201NT,FH,电容,,1uF,,200V,±10%,
C0805N121J251T,HEC,电容,,120pF,805,250V,±5%,
C0805N332K251T,HEC,电容,,3.3nF,805,250V,±10%,
C0805N470J201T,HEC,电容,,47pF,805,200V,±5%,
C0805X103K501T,HEC,电容,,10nF,805,500V,±10%,
CT81N5Y5P1B471KSE,FH,电容,,470pF,,1KV,±10%,
CT81N7Y5V1B472MSE,FH,电容,,4.7nF,,1KV,±20%,
P278SJ333M480A,KEMET,电容,,0.033uF,,1kVDC,±20%,
25SVF100M,Panasonic,电容,,100uF,,25VDC,±20%,
104PPA850K,Illinois Capacitor / CDE,电容,,0.1uF,,850VDC,±10%,
HHXC350ARA680MF80G,United Chemi-Con,电容,,68uF,,35VDC,±20%,
50SVF10M,Panasonic,电容,,10uF,,50VDC,±20%,
HHXC500ARA101MJA0G,United Chemi-Con,电容,,100uF,,50VDC,±20%,
25SVF47M,Panasonic,电容,,47uF,,25VDC,±20%,
HHXC160ARA151MF80G,United Chemi-Con,电容,,150uF,,16VDC,±20%,
50SVF68M,Panasonic,电容,,68uF,,50VDC,±20%,
25SVF330M,Panasonic,电容,,330uF,,25VDC,±20%,
16SEF1000M,Panasonic,电容,,1000uF,,16VDC,±20%,
HHXC350ARA220ME61G,United Chemi-Con,电容,,22uF,,35VDC,±20%,
25SVF82M,Panasonic,电容,,82uF,,25VDC,±20%,
HHXA500ARA470MHA0G,United Chemi-Con,电容,,47uF,,50VDC,±20%,
16SEF560M,Panasonic,电容,,560uF,,16VDC,±20%,
HHXC630ARA820MJA0G,United Chemi-Con,电容,,82uF,,63VDC,±20%,
P295BL272M500A,KEMET,电容,,2700pF,,1.5kVDC,±20%,
25SVF180M,Panasonic,电容,,180uF,,25VDC,±20%,
HHXC500ARA220MF61G,United Chemi-Con,电容,,22uF,,50VDC,±20%,
P295BQ392M500A,KEMET,电容,,3900pF,,1.5kVDC,±20%,
25SVF27M,Panasonic,电容,,27uF,,25VDC,±20%,
HHXC350ARA151MHA0G,United Chemi-Con,电容,,150uF,,35VDC,±20%,
16SEF270M,Panasonic,电容,,270uF,,16VDC,±20%,
25SVF56M,Panasonic,电容,,56uF,,25VDC,±20%,
HHXC350ARA470MF80G,United Chemi-Con,电容,,47uF,,35VDC,±20%,
P295BL332M500A,KEMET,电容,,3300pF,,1.5kVDC,±20%,
25SEF56M,Panasonic,电容,,56uF,,25VDC,±20%,
P295BE681M500A,KEMET,电容,,680pF,,1.5kVDC,±20%,
P295BJ152M500A,KEMET,电容,,1500pF,,1.5kVDC,±20%,
50SVF39M,Panasonic,电容,,39uF,,50VDC,±20%,
P295BL252M500A,KEMET,电容,,2500pF,,1.5kVDC,±20%,
25SEF180M,Panasonic,电容,,180uF,,25VDC,±20%,
P278EL154M480A,KEMET,电容,,0.15uF,,1kVDC,±20%,
HHXC250ARA560MF61G,United Chemi-Con,电容,,56uF,,25VDC,±20%,
50SVF18M,Panasonic,电容,,18uF,,50VDC,±20%,
HHXC500ARA330MF80G,United Chemi-Con,电容,,33uF,,50VDC,±20%,
HHXC250ARA470MF61G,United Chemi-Con,电容,,47uF,,25VDC,±20%,
HHXC250ARA221MHA0G,United Chemi-Con,电容,,220uF,,25VDC,±20%,
HHXC160ARA470ME61G,United Chemi-Con,电容,,47uF,,16VDC,±20%,
HHXC350ARA151MJA0G,United Chemi-Con,电容,,150uF,,35VDC,±20%,
P295BJ182M500A,KEMET,电容,,1800pF,,1.5kVDC,±20%,
HHXC160ARA471MJA0G,United Chemi-Con,电容,,470uF,,16VDC,±20%,
PCR1J101MCL1GS,Nichicon,电容,,100uF,,63VDC,±20%,
PEH200YX460BQU2,KEMET,电容,,6000uF,,450VDC,"- 10 %, + 30 %",
B32564J1336K000,EPCOS / TDK,电容,,33uF,,100VDC,±10%,
B32921C3103M,EPCOS / TDK,电容,,0.01uF,,630VDC,±20%,
DEBB33D102KA2B,Murata Electronics,电容,,1000pF,,2kVDC,±10%,
DE1E3KX472MA4BN01F,Murata Electronics,电容,,4700pF,,,±20%,
B32922C3684M,EPCOS / TDK,电容,,0.68uF,,630VDC,±20%,
50SVPF10M,Panasonic,电容,,10uF,,50VDC,±20%,
LDECD4100KA0N00,KEMET,电容,,1uF,,50VDC,±10%,
B32924C3475M000,EPCOS / TDK,电容,,4.7uF,,630VDC,±20%,
HHXA350ARA680MF80G,United Chemi-Con,电容,,68uF,,35VDC,±20%,
168105J50G-F,Cornell Dubilier - CDE,电容,,1uF,,50VDC,±5%,
PCR1H181MCL1GS,Nichicon,电容,,180uF,,50VDC,±20%,
104M06QC100,Cornell Dubilier - CDE,电容,,0.1uF,,600VDC,±20%,
104MACQRL150,Cornell Dubilier - CDE,电容,,0.1uF,,200VDC,±20%,
KW-5R5C105-R,PowerStor / Eaton,电容,,1F,,5.5VDC,"- 20 %, + 80 %",
108CKE6R3M,Illinois Capacitor / CDE,电容,,1000uF,,6.3VDC,±20%,
107RSS025M,Illinois Capacitor / CDE,电容,,100uF,,25VDC,±20%,
B32671P4105K000,EPCOS / TDK,电容,,1uF,,450VDC,±10%,
LDEID3100KA0N00,KEMET,电容,,0.1uF,,250VDC,±10%,
HHXB350ARA470MF61G,United Chemi-Con,电容,,47uF,,35VDC,±20%,
PCR1E471MCL1GS,Nichicon,电容,,470uF,,25VDC,±20%,
KW-5R5C104-R,PowerStor / Eaton,电容,,100000uF,,5.5VDC,"- 20 %, + 80 %",
LDEEC3100KA5N00,KEMET,电容,,0.1uF,,100VDC,±10%,
LDEEE4100KA0N00,KEMET,电容,,1uF,,100VDC,±10%,
PCR1H121MCL2GS,Nichicon,电容,,120uF,,50VDC,±20%,
DE1E3KX472MB4BN01F,Murata Electronics,电容,,4700pF,,,±20%,
104M06QC150,Cornell Dubilier - CDE,电容,,0.1uF,,600VDC,±20%,
PCG1A101MCL1GS,Nichicon,电容,,100uF,,10VDC,±20%,
PCV1E221MCL2GS,Nichicon,电容,,220uF,,25VDC,±20%,
504M02QA220,Cornell Dubilier - CDE,电容,,0.5uF,,200VDC,±20%,
KW-5R5C684-R,PowerStor / Eaton,电容,,680000uF,,5.5VDC,"- 20 %, + 80 %",
PEH200YV4330MB2,KEMET,电容,,3300uF,,450VDC,±20%,
LDEDC3220JA5N00,KEMET,电容,,0.22uF,,63VDC,±5%,
504M02QA100,Cornell Dubilier - CDE,电容,,0.5uF,,200VDC,±20%,
HHXB500ARA330MF80G,United Chemi-Con,电容,,33uF,,50VDC,±20%,
106K050CS4G,Cornell Dubilier - CDE,电容,,10uF,,50VDC,±10%,
PCX1C470MCL1GS,Nichicon,电容,,47uF,,16VDC,±20%,
KVD101L105M55A0T00,United Chemi-Con,电容,,1uF,,100VDC,±20%,
PEH200OO427AMB2,KEMET,电容,,2700uF,,420VDC,±20%,
106K050CS4,Cornell Dubilier - CDE,电容,,10uF,,50VDC,±10%,
168224J50C-F,Cornell Dubilier - CDE,电容,,0.22uF,,50VDC,±5%,
B25667C3497A375,EPCOS / TDK,电容,,165uFx3,,,"- 5 %, + 10 %",
106K050CS4-FA,Cornell Dubilier - CDE,电容,,10uF,,50VDC,±10%,
B32922C3334K289,EPCOS / TDK,电容,,0.33uF,,630VDC,±10%,
168473J100C-F,Cornell Dubilier - CDE,电容,,0.047uF,,100VDC,±5%,
PEH200PV5470MU2,KEMET,电容,,47000uF,,100VDC,±20%,
PCG1A331MCL1GS,Nichicon,电容,,330uF,,10VDC,±20%,
LDEDD4100KA0N00,KEMET,电容,,1uF,,63VDC,±10%,
LDEDE4100KA5N00,KEMET,电容,,1uF,,63VDC,±10%,
PCJ1C121MCL1GS,Nichicon,电容,,120uF,,16VDC,±20%,
LDEEC2470JA5N00,KEMET,电容,,0.047uF,,100VDC,±5%,
168224J63C-F,Cornell Dubilier - CDE,电容,,0.22uF,,63VDC,±5%,
LDEEC3100JA5N00,KEMET,电容,,0.1uF,,100VDC,±5%,
LDEEF4100JA5N00,KEMET,电容,,1uF,,100VDC,±5%,
LDEEH4470KA5N00,KEMET,电容,,4.7uF,,100VDC,±10%,
PCS1C680MCL1GS,Nichicon,电容,,68uF,,16VDC,±20%,
LDEDE4150KA0N00,KEMET,电容,,1.5uF,,63VDC,±10%,
B32021A3152M,EPCOS / TDK,电容,,1500pF,,1.5kVDC,±20%,
LDEPD2100JA5N00,KEMET,电容,,0.01uF,,630VDC,±5%,
B32924C3565M000,EPCOS / TDK,电容,,5.6uF,,630VDC,±20%,
LDEDD3330JA5N00,KEMET,电容,,0.33uF,,63VDC,±5%,
B32654A2223J,EPCOS / TDK,电容,,0.022uF,,2kVDC,±5%,
106MWR100K,Illinois Capacitor / CDE,电容,,10uF,,100VDC,±10%,
LDEEE3470KA5N00,KEMET,电容,,0.47uF,,100VDC,±10%,
B81141C1474M000,EPCOS / TDK,电容,,0.47uF,,1kVDC,±20%,
LDECG4470KA0N00,KEMET,电容,,4.7uF,,50VDC,±10%,
PEH200KO6100MB2,KEMET,电容,,100000uF,,40VDC,±20%,
PCV1D101MCL2GS,Nichicon,电容,,100uF,,20VDC,±20%,
LDEDD4100JA0N00,KEMET,电容,,1uF,,63VDC,±5%,
LDEEF4220KA0N00,KEMET,电容,,2.2uF,,100VDC,±10%,
PCV1E271MCL2GS,Nichicon,电容,,270uF,,25VDC,±20%,
LDEPH3220KA5N00,KEMET,电容,,0.22uF,,630VDC,±10%,
PEH169HA460AQU2,KEMET,电容,,6000uF,,25VDC,,
PEH200MO5470MU2,KEMET,电容,,47000uF,,63VDC,±20%,
168334J63H-F,Cornell Dubilier - CDE,电容,,0.33uF,,63VDC,±5%,
B32529D225J289,EPCOS / TDK,电容,,2.2uF,,,±5%,
168683J63A-F,Cornell Dubilier - CDE,电容,,0.068uF,,63VDC,±5%,
B32776G1805K000,EPCOS / TDK,电容,,8uF,,1.3kVDC,±10%,
168222J100A-F,Cornell Dubilier - CDE,电容,,2200pF,,100VDC,±5%,
PEH200MV6100MU2,KEMET,电容,,100000uF,,63VDC,±20%,
PEH205KA4470QU0,KEMET,电容,,4700uF,,40VDC,"- 10 %, + 30 %",
PEH200MJ5220MU2,KEMET,电容,,22000uF,,63VDC,±20%,
LDEDD3680KA5N00,KEMET,电容,,0.68uF,,63VDC,±10%,
B25620B1487K101,EPCOS / TDK,电容,,480uF,,1.1kVDC,±10%,
PCV1V121MCL7GS,Nichicon,电容,,120uF,,35VDC,±20%,
LDEDG4470KA0N00,KEMET,电容,,4.7uF,,63VDC,±10%,
PCV1J270MCL2GS,Nichicon,电容,,27uF,,63VDC,±20%,
LDEMF3150JA5N00,KEMET,电容,,0.15uF,,400VDC,±5%,
PEH200MD5100MB2,KEMET,电容,,10000uF,,63VDC,±20%,
B32521C225J,EPCOS / TDK,电容,,2.2uF,,,±5%,
LDEQG2680KA5N00,KEMET,电容,,0.068uF,,1kVDC,±10%,
B32776G0146K000,EPCOS / TDK,电容,,14uF,,1.1kVDC,±10%,
PEH200MA4470MU2,KEMET,电容,,4700uF,,63VDC,±20%,
LDEDD3330KA5N00,KEMET,电容,,0.33uF,,63VDC,±10%,
LDEQG2470KA5N00,KEMET,电容,,0.047uF,,1kVDC,±10%,
LGG2E152MELC40,Nichicon,电容,,1500uF,,250VDC,±20%,
PCV1C681MCL2GS,Nichicon,电容,,680uF,,16VDC,±20%,
LDEPF3100KA0N00,KEMET,电容,,0.1uF,,630VDC,±10%,
PEH200VJ4100MU2,KEMET,电容,,1000uF,,400VDC,±20%,
PCV1D331MCL1GS,Nichicon,电容,,330uF,,20VDC,±20%,
PEH169MD4470QB2,KEMET,电容,,4700uF,,63VDC,"- 10 %, + 30 %",
PEH200SV5100MU2,KEMET,电容,,10000uF,,250VDC,±20%,
PEH169UA3100QU2,KEMET,电容,,100uF,,350VDC,"- 10 %, + 30 %",
PEH200MO5470MB2,KEMET,电容,,47000uF,,63VDC,±20%,
LDEID2680JA5N00,KEMET,电容,,0.068uF,,250VDC,±5%,
B32563J3225K000,EPCOS / TDK,电容,,2.2uF,,250VDC,±10%,
LDEMH3470KA5N00,KEMET,电容,,0.47uF,,400VDC,±10%,
107SVH016MER,Illinois Capacitor / CDE,电容,,100uF,,16VDC,±20%,
DEBB33D222KA2B,Murata Electronics,电容,,2200pF,,2kVDC,±10%,
B32922C3224M000,EPCOS / TDK,电容,,0.22uF,,630VDC,±20%,
B32922C3224K289,EPCOS / TDK,电容,,0.22uF,,630VDC,±10%,
B32529C1474J,EPCOS / TDK,电容,,0.47uF,,100VDC,±5%,
107KXM010M,Cornell Dubilier - CDE,电容,,100uF,,10VDC,±20%,
107CKS016M,Illinois Capacitor / CDE,电容,,100uF,,16VDC,±20%,
106CKH050M,Illinois Capacitor / CDE,电容,,10uF,,50VDC,±20%,
HMJ107BB7104KAHT,Taiyo Yuden,电容,,0.1uF,603,100VDC,±10%,
168104J50A-F,Cornell Dubilier - CDE,电容,,0.1uF,,50VDC,±5%,
108TTA035M,Illinois Capacitor / CDE,电容,,1000uF,,35VDC,±20%,
PCR1K680MCL1GS,Nichicon,电容,,68uF,,80VDC,±20%,
107TTA350M,Illinois Capacitor / CDE,电容,,100uF,,350VDC,±20%,
KW-5R5C334-R,PowerStor / Eaton,电容,,330000uF,,5.5VDC,"- 20 %, + 80 %",
107TTA450M,Illinois Capacitor / CDE,电容,,100uF,,450VDC,±20%,
104M06QC22,Cornell Dubilier - CDE,电容,,0.1uF,,600VDC,±20%,
25SVP56M,Panasonic,电容,,56uF,,25VDC,±20%,
B32529C1103J189,EPCOS / TDK,电容,,0.01uF,,100VDC,±5%,
B32921C3223M,EPCOS / TDK,电容,,0.022uF,,630VDC,±20%,
B32922C3224K189,EPCOS / TDK,电容,,0.22uF,,630VDC,±10%,
PCV1V101MCL1GS,Nichicon,电容,,100uF,,35VDC,±20%,
PCR1J680MCL1GS,Nichicon,电容,,68uF,,63VDC,±20%,
KW-5R5C224-R,PowerStor / Eaton,电容,,220000uF,,5.5VDC,"- 20 %, + 80 %",
25SEPF56M,Panasonic,电容,,56uF,,25VDC,±20%,
PCV1J560MCL2GS,Nichicon,电容,,56uF,,63VDC,±20%,
LDEPD2100KA5N00,KEMET,电容,,0.01uF,,630VDC,±10%,
50SVPF18M,Panasonic,电容,,18uF,,50VDC,±20%,
PCR1J470MCL1GS,Nichicon,电容,,47uF,,63VDC,±20%,
PCJ1C331MCL1GS,Nichicon,电容,,330uF,,16VDC,±20%,
PCR1V151MCL6GS,Nichicon,电容,,150uF,,35VDC,±20%,
B32529C3104J189,EPCOS / TDK,电容,,0.1uF,,250VDC,±5%,
NLW1810A,Cornell Dubilier - CDE,电容,,50uF,,50VDC,±20%,
104MWR400K,Illinois Capacitor / CDE,电容,,0.1uF,,400VDC,±10%,
104M06QC47,Cornell Dubilier - CDE,电容,,0.1uF,,600VDC,±20%,
P3F,Voltronics,电容,,,,,,
B32529D1105J289,EPCOS / TDK,电容,,1uF,,100VDC,±5%,
PCF1C331MCL1GS,Nichicon,电容,,330uF,,16VDC,±20%,
B32529D225J,EPCOS / TDK,电容,,2.2uF,,,±5%,
B32529C3104J,EPCOS / TDK,电容,,0.1uF,,250VDC,±5%,
B32922H3104M,EPCOS / TDK,电容,,0.1uF,,630VDC,±20%,
107RZM050M,Illinois Capacitor / CDE,电容,,100uF,,50VDC,±20%,
504M06QE150,Cornell Dubilier - CDE,电容,,0.5uF,,600VDC,±20%,
PB-5R0H105-R,PowerStor / Eaton,电容,,1F,,5VDC,"- 20 %, + 80 %",
25SVP10M,Panasonic,电容,,10uF,,25VDC,±20%,
PCF1C221MCL1GS,Nichicon,电容,,220uF,,16VDC,±20%,
PB-5R0H474-R,PowerStor / Eaton,电容,,470000uF,,5VDC,"- 20 %, + 80 %",
LDBCC3100GC5N0,KEMET,电容,,0.1uF,,50VDC,±2%,
PCV2B150MCL1GS,Nichicon,电容,,15uF,,125VDC,±20%,
PCR1C102MCL1GS,Nichicon,电容,,1000uF,,16VDC,±20%,
168103J100A-F,Cornell Dubilier - CDE,电容,,0.01uF,,100VDC,±5%,
PCS1A121MCL1GS,Nichicon,电容,,120uF,,10VDC,±20%,
PCV1V121MCL2GS,Nichicon,电容,,120uF,,35VDC,±20%,
105M02QB47,Cornell Dubilier - CDE,电容,,1uF,,200VDC,±20%,
B32529D6104J,EPCOS / TDK,电容,,0.1uF,,400VDC,±5%,
PCG0J272MCL1GS,Nichicon,电容,,2700uF,,6.3VDC,±20%,
B32922D3334K,EPCOS / TDK,电容,,0.33uF,,630VDC,±10%,
B81123C1102M189,EPCOS / TDK,电容,,1000pF,,3kVDC,±20%,
B32652A223J,EPCOS / TDK,电容,,0.022uF,,,±5%,
B32921C3103M189,EPCOS / TDK,电容,,0.01uF,,630VDC,±20%,
DEBE33F472ZN3A,Murata Electronics,电容,,4700pF,,3.15kVDC,±20%,
B32529D6104J289,EPCOS / TDK,电容,,0.1uF,,400VDC,±5%,
B32529D1105K,EPCOS / TDK,电容,,1uF,,100VDC,±10%,
PCX1V100MCL1GS,Nichicon,电容,,10uF,,35VDC,±20%,
B32021A3332M289,EPCOS / TDK,电容,,3300pF,,1.5kVDC,±20%,
B32652A6473J,EPCOS / TDK,电容,,0.047uF,,630VDC,±5%,
PCR1H820MCL1GS,Nichicon,电容,,82uF,,50VDC,±20%,
504M06QE100,Cornell Dubilier - CDE,电容,,0.5uF,,600VDC,±20%,
B32529C1474J289,EPCOS / TDK,电容,,0.47uF,,100VDC,±5%,
B32932A3473K,EPCOS / TDK,电容,,0.047uF,,-,±10%,
B32021A3472K000,EPCOS / TDK,电容,,4700pF,,1.5kVDC,±10%,
LDEDC3100KA5N00,KEMET,电容,,0.1uF,,63VDC,±10%,
B32672L1153J,EPCOS / TDK,电容,,0.015uF,,1.6kVDC,±5%,
PCV2A180MCL1GS,Nichicon,电容,,18uF,,100VDC,±20%,
B32656S1474K561,EPCOS / TDK,电容,,0.47uF,,1.6kVDC,±10%,
168102K100A-F,Cornell Dubilier - CDE,电容,,1000pF,,100VDC,±10%,
PCV1E121MCL6GS,Nichicon,电容,,120uF,,25VDC,±20%,
LDBCC3100JC5N0,KEMET,电容,,0.1uF,,50VDC,±5%,
B81141C1103M,EPCOS / TDK,电容,,0.01uF,,1kVDC,±20%,
PCF1C151MCL1GS,Nichicon,电容,,150uF,,16VDC,±20%,
B32671L472J,EPCOS / TDK,电容,,4700pF,,,±5%,
B32672L1223J,EPCOS / TDK,电容,,0.022uF,,1.6kVDC,±5%,
P295BE102M500A,KEMET,电容,,1000pF,,-,±20%,
LDECA2100JA0N00,KEMET,电容,,0.01uF,,50VDC,±5%,
25SVP6R8M,Panasonic,电容,,6.8uF,,25VDC,±20%,
B32652A103J,EPCOS / TDK,电容,,0.01uF,,,±5%,
LDECD3470KA5N00,KEMET,电容,,0.47uF,,50VDC,±10%,
P409CE104M275AH101,KEMET,电容,,0.1uF,,630VDC,±20%,
B32672L1622J,EPCOS / TDK,电容,,6200pF,,1.6kVDC,±5%,
B32932A3104M,EPCOS / TDK,电容,,0.1uF,,-,±20%,
LDECA2220JA0N00,KEMET,电容,,0.022uF,,50VDC,±5%,
168334J50C-F,Cornell Dubilier - CDE,电容,,0.33uF,,50VDC,±5%,
HHXA250ARA101MF80G,United Chemi-Con,电容,,100uF,,25VDC,±20%,
B32922C3333K,EPCOS / TDK,电容,,0.033uF,,630VDC,±10%,
LDBCA2100GC5N0,KEMET,电容,,0.01uF,,50VDC,±2%,
LDBAB3100JC5N0,KEMET,电容,,0.1uF,,16VDC,±5%,
168103K100A-F,Cornell Dubilier - CDE,电容,,0.01uF,,100VDC,±10%,
B32672L8102J,EPCOS / TDK,电容,,1000pF,,2kVDC,±5%,
B32529C1474J189,EPCOS / TDK,电容,,0.47uF,,100VDC,±5%,
108TTA010M,Illinois Capacitor / CDE,电容,,1000uF,,10VDC,±20%,
PCJ1A221MCL1GS,Nichicon,电容,,220uF,,10VDC,±20%,
PCR1C471MCL1GS,Nichicon,电容,,470uF,,16VDC,±20%,
NLW5-25,Cornell Dubilier - CDE,电容,,5uF,,25VDC,,
B32922C3473M189,EPCOS / TDK,电容,,0.047uF,,630VDC,±20%,
B32652A2222K000,EPCOS / TDK,电容,,2200pF,,2kVDC,±10%,
PCF1A121MCL1GS,Nichicon,电容,,120uF,,10VDC,±20%,
PCG1C101MCL1GS,Nichicon,电容,,100uF,,16VDC,±20%,
PCV1V820MCL7GS,Nichicon,电容,,82uF,,35VDC,±20%,
106MWR050K,Illinois Capacitor / CDE,电容,,10uF,,50VDC,±10%,
P5F,Voltronics,电容,,,,,,
B32671P4224K000,EPCOS / TDK,电容,,0.22uF,,450VDC,±10%,
LDEDC3220KA5N00,KEMET,电容,,0.22uF,,63VDC,±10%,
105PPA122K,Illinois Capacitor / CDE,电容,,1uF,,1.2kVDC,±10%,
B32671P6184K000,EPCOS / TDK,电容,,0.18uF,,630VDC,±10%,
P295BE471M500A,KEMET,电容,,470pF,,-,±20%,
B81123C1682M,EPCOS / TDK,电容,,6800pF,,3kVDC,±20%,
B25669A4827J375,EPCOS / TDK,电容,,274uF,,,±5%,
PCR1C681MCL1GS,Nichicon,电容,,680uF,,16VDC,±20%,
305PHC250K,Illinois Capacitor / CDE,电容,,3uF,,250VDC,±10%,
LGG2E102MELA50,Nichicon,电容,,1000uF,,250VDC,±20%,
B32652A2222J000,EPCOS / TDK,电容,,2200pF,,2kVDC,±5%,
LDBCA2100JC5N0,KEMET,电容,,0.01uF,,50VDC,±5%,
LDEPD1470KA5N00,KEMET,电容,,4700pF,,630VDC,±10%,
LDBCB2470JC5N0,KEMET,电容,,0.047uF,,50VDC,±5%,
PCV1D271MCL2GS,Nichicon,电容,,270uF,,20VDC,±20%,
PCV1D331MCL2GS,Nichicon,电容,,330uF,,20VDC,±20%,
106MWR063K,Illinois Capacitor / CDE,电容,,10uF,,63VDC,±10%,
B32672L1223J189,EPCOS / TDK,电容,,0.022uF,,1.6kVDC,±5%,
LDECB3100JA0N00,KEMET,电容,,0.1uF,,50VDC,±5%,
B32924C3684M000,EPCOS / TDK,电容,,0.68uF,,630VDC,±20%,
PEH169GA5100QU2,KEMET,电容,,10000uF,,16VDC,"- 10 %, + 30 %",
PCF1A561MCL1GS,Nichicon,电容,,560uF,,10VDC,±20%,
PCR1C561MCL1GS,Nichicon,电容,,560uF,,16VDC,±20%,
PCV1D151MCL6GS,Nichicon,电容,,150uF,,20VDC,±20%,
B32922C3684M289,EPCOS / TDK,电容,,0.68uF,,630VDC,±20%,
LDEED3220KA5N00,KEMET,电容,,0.22uF,,100VDC,±10%,
25SEP33M+TSS,Panasonic,电容,,33uF,,25VDC,±20%,
LDEIH4100KA5N00,KEMET,电容,,1uF,,250VDC,±10%,
PCV1E151MCL1GS,Nichicon,电容,,150uF,,25VDC,±20%,
LGG2C272MELC40,Nichicon,电容,,2700uF,,160VDC,±20%,
B32652A6473K,EPCOS / TDK,电容,,0.047uF,,630VDC,±10%,
LDEQD1100KA5N00,KEMET,电容,,1000pF,,1kVDC,±10%,
PEH169PA4100QB2,KEMET,电容,,1000uF,,100VDC,"- 10 %, + 30 %",
108TMA050M,Illinois Capacitor / CDE,电容,,1000uF,,50VDC,,
LGG2E102MELB40,Nichicon,电容,,1000uF,,250VDC,±20%,
LDEPF2470KA5N00,KEMET,电容,,0.047uF,,630VDC,±10%,
B81141C1334M000,EPCOS / TDK,电容,,0.33uF,,1kVDC,±20%,
PCF1A471MCL1GS,Nichicon,电容,,470uF,,10VDC,±20%,
LGG2D222MELB50,Nichicon,电容,,2200uF,,200VDC,±20%,
106K050CS4G-FA,Cornell Dubilier - CDE,电容,,10uF,,50VDC,±10%,
B32671P4154K000,EPCOS / TDK,电容,,0.15uF,,450VDC,±10%,
LDEDC3100JA5N00,KEMET,电容,,0.1uF,,63VDC,±5%,
LDEPE2330KA5N00,KEMET,电容,,0.033uF,,630VDC,±10%,
LDECF4330KA0N00,KEMET,电容,,3.3uF,,50VDC,±10%,
LDEQH3100KA5N00,KEMET,电容,,0.1uF,,1kVDC,±10%,
B25673A4102A000,EPCOS / TDK,电容,,66.3uFx3,,,"- 5 %, + 10 %",
B25669A3996J375,EPCOS / TDK,电容,,332uF,,,±5%,
LDEIB2100KA0N00,KEMET,电容,,0.01uF,,250VDC,±10%,
B32022A3473M289,EPCOS / TDK,电容,,0.047uF,,1.5kVDC,±20%,
B25673A4252A000,EPCOS / TDK,电容,,165.9uF,,,"- 5 %, + 10 %",
KVD250L105M32A0T00,United Chemi-Con,电容,,1uF,,25VDC,±20%,
B32620A152J,EPCOS / TDK,电容,,1500pF,,,±5%,
B32652A333K,EPCOS / TDK,电容,,0.033uF,,,±10%,
B32594C6225J8,EPCOS / TDK,电容,,2.2uF,,400VDC,±5%,
LDEQE2100KA5N00,KEMET,电容,,0.01uF,,1kVDC,±10%,
104PPB162K,Illinois Capacitor / CDE,电容,,0.1uF,,1.6kVDC,±10%,
B32620A302J,EPCOS / TDK,电容,,3000pF,,,±5%,
PEH534VCB3150M2,KEMET,电容,,150uF,,400VDC,±20%,
PEH205HA5100QU0,KEMET,电容,,10000uF,,25VDC,"- 10 %, + 30 %",
B25669A5467J375,EPCOS / TDK,电容,,154uF,,,±5%,
PCX1H100MCL1GS,Nichicon,电容,,10uF,,50VDC,±20%,
HHXA160ARA471MJA0G,United Chemi-Con,电容,,470uF,,16VDC,±20%,
B32521C1474K000,EPCOS / TDK,电容,,0.47uF,,100VDC,±10%,
LDEQF2220KA5N00,KEMET,电容,,0.022uF,,1kVDC,±10%,
16PS330MJ12,United Chemi-Con,电容,,330uF,,16VDC,±20%,
B32529C1474K000,EPCOS / TDK,电容,,0.47uF,,100VDC,±10%,
B32620A222J,EPCOS / TDK,电容,,2200pF,,,±5%,
B32529D225J189,EPCOS / TDK,电容,,2.2uF,,,±5%,
LDEID2470KA5N00,KEMET,电容,,0.047uF,,250VDC,±10%,
PEH534VCD3220M2,KEMET,电容,,220uF,,400VDC,±20%,
PEH200ZO4100MU2,KEMET,电容,,1000uF,,500VDC,±20%,
B25673A5202A020,EPCOS / TDK,电容,,77uFx3,,,"- 5 %, + 10 %",
PCG1A151MCL1GS,Nichicon,电容,,150uF,,10VDC,±20%,
PCG0G222MCL1GS,Nichicon,电容,,2200uF,,4VDC,±20%,
B32620A222K,EPCOS / TDK,电容,,2200pF,,,±10%,
B32021A3682M000,EPCOS / TDK,电容,,6800pF,,1.5kVDC,±20%,
B32671P6823K000,EPCOS / TDK,电容,,0.082uF,,630VDC,±10%,
LDECD3330KA5N00,KEMET,电容,,0.33uF,,50VDC,±10%,
LDEDB2680KA0N00,KEMET,电容,,0.068uF,,63VDC,±10%,
LDEID3100JA0N00,KEMET,电容,,0.1uF,,250VDC,±5%,
B32654A3155J000,EPCOS / TDK,电容,,1.5uF,,250VDC,±5%,
B25673A4052A040,EPCOS / TDK,电容,,27.4uFx3,,,"- 5 %, + 10 %",
B25655P9127K151,EPCOS / TDK,电容,,,,,,
PCX1C391MCL1GS,Nichicon,电容,,390uF,,16VDC,±20%,
LDEQD1330KA5N00,KEMET,电容,,3300pF,,1kVDC,±10%,
LDEID2330JA5N00,KEMET,电容,,0.033uF,,250VDC,±5%,
LDEIE3100KA5N00,KEMET,电容,,0.1uF,,250VDC,±10%,
B32654A2683K000,EPCOS / TDK,电容,,0.068uF,,2kVDC,±10%,
PEH200YK4100MU2,KEMET,电容,,1000uF,,450VDC,±20%,
PEH200PO5220MU2,KEMET,电容,,22000uF,,100VDC,±20%,
OTBG504KNPIR-F,Cornell Dubilier - CDE,电容,,0.5uF,,1kVDC,±10%,
B32521C1224K289,EPCOS / TDK,电容,,0.22uF,,100VDC,±10%,
B32656S0684K565,EPCOS / TDK,电容,,0.68uF,,1kVDC,±10%,
PCG0E331MCL1GS,Nichicon,电容,,330uF,,2.5VDC,±20%,
LDBCB2330JC5N0,KEMET,电容,,0.033uF,,50VDC,±5%,
B32656S185K561,EPCOS / TDK,电容,,1.8uF,,,±10%,
PEH169QT4470QB2,KEMET,电容,,4700uF,,160VDC,"- 10 %, + 30 %",
B25667C7746A375,EPCOS / TDK,电容,,24.9uFx3,,-,"- 5 %, + 10 %",
KVD101L155M55A0T00,United Chemi-Con,电容,,1.5uF,,100VDC,±20%,
PCV1E271MCL1GS,Nichicon,电容,,270uF,,25VDC,±20%,
PCV1K150MCL1GS,Nichicon,电容,,15uF,,80VDC,±20%,
LDECA2330KA0N00,KEMET,电容,,0.033uF,,50VDC,±10%,
6SEP470M+TSS,Panasonic,电容,,470uF,,6.3VDC,±20%,
LDEMD2470KA5N00,KEMET,电容,,0.047uF,,400VDC,±10%,
B32614A2223J008,EPCOS / TDK,电容,,0.022uF,,2kVDC,±5%,
106LC5700K5PM8,Illinois Capacitor / CDE,电容,,10uF,,,±10%,
B32521C1224J000,EPCOS / TDK,电容,,0.22uF,,100VDC,±5%,
LDEIF3470KA0N00,KEMET,电容,,0.47uF,,250VDC,±10%,
PCS0J391MCL1GS,Nichicon,电容,,390uF,,6.3VDC,±20%,
PCF1D470MCL1GS,Nichicon,电容,,47uF,,20VDC,±20%,
KVD500L685M55A0T00,United Chemi-Con,电容,,6.8uF,,50VDC,±20%,
LDBCA1470JC5N0,KEMET,电容,,4700pF,,50VDC,±5%,
B25673A4202A040,EPCOS / TDK,电容,,109.7uFx3,,,"- 5 %, + 10 %",
PCV1D181MCL2GS,Nichicon,电容,,180uF,,20VDC,±20%,
B32529D3224K000,EPCOS / TDK,电容,,0.22uF,,250VDC,±10%,
B25673A4122A580,EPCOS / TDK,电容,,57.6uFx3,,,"- 5 %, + 10 %",
PCG0J181MCO1GS,Nichicon,电容,,180uF,,6.3VDC,±20%,
DEA1X3D470JA2B,Murata Electronics,电容,,47pF,,2kVDC,±5%,
B32529C1103J,EPCOS / TDK,电容,,0.01uF,,100VDC,±5%,
B32529C1473J,EPCOS / TDK,电容,,0.047uF,,100VDC,±5%,
DE1E3KX102MA4BP01F,Murata Electronics,电容,,1000pF,,,±20%,
DE2E3KY222MN3AM02F,Murata Electronics,电容,,2200pF,,,±20%,
DEA1X3D101JA2B,Murata Electronics,电容,,100pF,,2kVDC,±5%,
DE1E3KX222MA4BP01F,Murata Electronics,电容,,2200pF,,,±20%,
DE1E3KX222MB4BN01F,Murata Electronics,电容,,2200pF,,,±20%,
B32922C3224M189,EPCOS / TDK,电容,,0.22uF,,630VDC,±20%,
DEBE33D103ZA3B,Murata Electronics,电容,,0.01uF,,2kVDC,±20%,
B32021A3103M,EPCOS / TDK,电容,,0.01uF,,1.5kVDC,±20%,
50SVPF39M,Panasonic,电容,,39uF,,50VDC,±20%,
25SEPF330M,Panasonic,电容,,330uF,,25VDC,±20%,
106RSS016M,Illinois Capacitor / CDE,电容,,10uF,,16VDC,±20%,
105CKE100M,Illinois Capacitor / CDE,电容,,1uF,,100VDC,±20%,
107CKS035M,Illinois Capacitor / CDE,电容,,100uF,,35VDC,±20%,
108CKS016MLN,Illinois Capacitor / CDE,电容,,1000uF,,16VDC,±20%,
108CKS035M,Illinois Capacitor / CDE,电容,,1000uF,,35VDC,±20%,
107TTA025M,Illinois Capacitor / CDE,电容,,100uF,,25VDC,±20%,
108TTA050M,Illinois Capacitor / CDE,电容,,1000uF,,50VDC,±20%,
106TTA450M,Illinois Capacitor / CDE,电容,,10uF,,450VDC,±20%,
PCR1K470MCL1GS,Nichicon,电容,,47uF,,80VDC,±20%,
PCR1V271MCL1GS,Nichicon,电容,,270uF,,35VDC,±20%,
DE1E3KX102MB4BN01F,Murata Electronics,电容,,1000pF,,,±20%,
DEBE33F472ZA3B,Murata Electronics,电容,,4700pF,,3.15kVDC,±20%,
107TTA050M,Illinois Capacitor / CDE,电容,,100uF,,50VDC,±20%,
PCG1A102MCL1GS,Nichicon,电容,,1000uF,,10VDC,±20%,
HHXB250ARA101MF80G,United Chemi-Con,电容,,100uF,,25VDC,±20%,
B32529C1102J289,EPCOS / TDK,电容,,1000pF,,100VDC,±5%,
DEBB33F102KA3B,Murata Electronics,电容,,1000pF,,3.15kVDC,±10%,
108RSS016M,Illinois Capacitor / CDE,电容,,1000uF,,16VDC,±20%,
DE2E3KY222MN3AU02F,Murata Electronics,电容,,2200pF,,,±20%,
B32529C1473J189,EPCOS / TDK,电容,,0.047uF,,100VDC,±5%,
DE2E3KY472MN2AM01F,Murata Electronics,电容,,4700pF,,,±20%,
25SEP6R8M,Panasonic,电容,,6.8uF,,25VDC,±20%,
B32652A6224J,EPCOS / TDK,电容,,0.22uF,,630VDC,±5%,
B32922C3684M189,EPCOS / TDK,电容,,0.68uF,,630VDC,±20%,
108TTA025M,Illinois Capacitor / CDE,电容,,1000uF,,25VDC,±20%,
103MWR630K,Illinois Capacitor / CDE,电容,,0.01uF,,630VDC,±10%,
107CKE035M,Illinois Capacitor / CDE,电容,,100uF,,35VDC,±20%,
PCR1H121MCL1GS,Nichicon,电容,,120uF,,50VDC,±20%,
DEBB33D471KA2B,Murata Electronics,电容,,470pF,,2kVDC,±10%,
DE6E3KJ222MN3A,Murata Electronics,电容,,2200pF,,,±20%,
108CKH035M,Illinois Capacitor / CDE,电容,,1000uF,,35VDC,±20%,
107SML063M,Illinois Capacitor / CDE,电容,,100uF,,63VDC,±20%,
DEBB33D222KN2A,Murata Electronics,电容,,2200pF,,2kVDC,±10%,
108CKE016MLN,Illinois Capacitor / CDE,电容,,1000uF,,16VDC,±20%,
107TTA100M,Illinois Capacitor / CDE,电容,,100uF,,100VDC,±20%,
107CKS450M,Illinois Capacitor / CDE,电容,,100uF,,450VDC,±20%,
DE1E3KX472MB4BP01F,Murata Electronics,电容,,4700pF,,,±20%,
104MKP275K,Illinois Capacitor / CDE,电容,,0.1uF,,,±10%,
B32021A3102K000,EPCOS / TDK,电容,,1000pF,,1.5kVDC,±10%,
B32529C1472K189,EPCOS / TDK,电容,,4700pF,,100VDC,±10%,
DEBB33D472KA3B,Murata Electronics,电容,,4700pF,,2kVDC,±10%,
PCK0J221MCO1GS,Nichicon,电容,,220uF,,6.3VDC,±20%,
DE1E3KX152MA4BN01F,Murata Electronics,电容,,1500pF,,,±20%,
B32922C3154M000,EPCOS / TDK,电容,,0.15uF,,630VDC,±20%,
PCR1H820MCL6GS,Nichicon,电容,,82uF,,50VDC,±20%,
DEBE33F102ZC3B,Murata Electronics,电容,,1000pF,,3.15kVDC,±20%,
25SEP10M,Panasonic,电容,,10uF,,25VDC,±20%,
103MPW630K,Illinois Capacitor / CDE,电容,,0.01uF,,630VDC,±10%,
PCR1J560MCL1GS,Nichicon,电容,,56uF,,63VDC,±20%,
107CKR050M,Illinois Capacitor / CDE,电容,,100uF,,50VDC,±20%,
107TTA063M,Illinois Capacitor / CDE,电容,,100uF,,63VDC,±20%,
104MWR630K,Illinois Capacitor / CDE,电容,,0.1uF,,630VDC,±10%,
109CKE016M,Illinois Capacitor / CDE,电容,,10000uF,,16VDC,±20%,
HHXB500ARA220MF61G,United Chemi-Con,电容,,22uF,,50VDC,±20%,
PCJ1C101MCL4GS,Nichicon,电容,,100uF,,16VDC,±20%,
LDECB3100KA0N00,KEMET,电容,,0.1uF,,50VDC,±10%,
108TTA016M,Illinois Capacitor / CDE,电容,,1000uF,,16VDC,±20%,
PCG0J222MCL1GS,Nichicon,电容,,2200uF,,6.3VDC,±20%,
205PHC400K,Illinois Capacitor / CDE,电容,,2uF,,400VDC,±10%,
109TTA016M,Cornell Dubilier - CDE,电容,,10000uF,,16VDC,±20%,
16SEP150M,Panasonic,电容,,150uF,,16VDC,±20%,
DEBB33F471KC3B,Murata Electronics,电容,,470pF,,3.15kVDC,±10%,
DEBB33F222KA3B,Murata Electronics,电容,,2200pF,,3.15kVDC,±10%,
PEH200UV4680MB2,KEMET,电容,,6800uF,,350VDC,±20%,
104MSR102K,Illinois Capacitor / CDE,电容,,0.1uF,,1kVDC,±10%,
PCV1V220MCL2GS,Nichicon,电容,,22uF,,35VDC,±20%,
DEBB33D221KC1B,Murata Electronics,电容,,220pF,,2kVDC,±10%,
PCV1V181MCL2GS,Nichicon,电容,,180uF,,35VDC,±20%,
109TTA025M,Illinois Capacitor / CDE,电容,,10000uF,,25VDC,±20%,
254M06QD100,Cornell Dubilier - CDE,电容,,0.25uF,,600VDC,±10%,
B81141C1104M,EPCOS / TDK,电容,,0.1uF,,1kVDC,±20%,
PCV1J100MCL1GS,Nichicon,电容,,10uF,,63VDC,±20%,
B81123C1102M289,EPCOS / TDK,电容,,1000pF,,3kVDC,±20%,
107KXM050M,Illinois Capacitor / CDE,电容,,100uF,,50VDC,±20%,
107TTA250M,Illinois Capacitor / CDE,电容,,100uF,,250VDC,±20%,
DEA1X3F221JA3B,Murata Electronics,电容,,220pF,,3.15kVDC,±5%,
B32652A6333J,EPCOS / TDK,电容,,0.033uF,,630VDC,±5%,
25SEP56M,Panasonic,电容,,56uF,,25VDC,±20%,
PCV1E470MCL2GS,Nichicon,电容,,47uF,,25VDC,±20%,
DEBF33D102ZP2A,Murata Electronics,电容,,1000pF,,2kVDC,±20%,
DEBB33D471KN2A,Murata Electronics,电容,,470pF,,2kVDC,±10%,
105MWR050K,Illinois Capacitor / CDE,电容,,1uF,,50VDC,±10%,
DEA1X3D100JC1B,Murata Electronics,电容,,10pF,,2kVDC,±5%,
DEA1X3D471JA3B,Murata Electronics,电容,,470pF,,2kVDC,±5%,
B32671L822J,EPCOS / TDK,电容,,8200pF,,,±5%,
25SEP33M,Panasonic,电容,,33uF,,25VDC,±20%,
105TTA450M,Cornell Dubilier - CDE,电容,,1uF,,450VDC,±20%,
104MWR250K,Illinois Capacitor / CDE,电容,,0.1uF,,250VDC,±10%,
168104J63A-F,Cornell Dubilier - CDE,电容,,0.1uF,,63VDC,±5%,
168104J100H-F,Cornell Dubilier - CDE,电容,,0.1uF,,100VDC,±5%,
109TTA035M,Illinois Capacitor / CDE,电容,,10000uF,,35VDC,±20%,
DEBE33D222ZA2B,Murata Electronics,电容,,2200pF,,2kVDC,±20%,
105MWR100K,Illinois Capacitor / CDE,电容,,1uF,,100VDC,±10%,
PCG1C681MCL1GS,Nichicon,电容,,680uF,,16VDC,±20%,
B32652A3224J,EPCOS / TDK,电容,,0.22uF,,250VDC,±5%,
C1210X102KGRACTU,KEMET,电容,,1000pF,,2kVDC,±10%,
108TTA063M,Illinois Capacitor / CDE,电容,,1000uF,,63VDC,±20%,
DEBB33F102KN3A,Murata Electronics,电容,,1000pF,,3.15kVDC,±10%,
25SVP33M,Panasonic,电容,,33uF,,25VDC,±20%,
HMJ107BB7473KAHT,Taiyo Yuden,电容,,0.047uF,,100VDC,±10%,
NLW1-25,Cornell Dubilier - CDE,电容,,1uF,,25VDC,"- 10 %, + 75 %",
DEBE33D102ZA2B,Murata Electronics,电容,,1000pF,,2kVDC,±20%,
DEBB33F332KA3B,Murata Electronics,电容,,3300pF,,3.15kVDC,±10%,
PCF1D101MCL1GS,Nichicon,电容,,100uF,,20VDC,±20%,
PCG1A152MCL1GS,Nichicon,电容,,1500uF,,10VDC,±20%,
206PHC400K,Illinois Capacitor / CDE,电容,,20uF,,400VDC,±10%,
B32921C3473M289,EPCOS / TDK,电容,,0.047uF,,630VDC,±20%,
B32922C3154K189,EPCOS / TDK,电容,,0.15uF,,630VDC,±10%,
B32521C1224K,EPCOS / TDK,电容,,0.22uF,,100VDC,±10%,
106TTA250M,Illinois Capacitor / CDE,电容,,10uF,,250VDC,±20%,
HHXB630ARA220MF80G,United Chemi-Con,电容,,22uF,,63VDC,±20%,
PCV1C101MCL1GS,Nichicon,电容,,100uF,,16VDC,±20%,
PCV1V151MCL1GS,Nichicon,电容,,150uF,,35VDC,±20%,
B32921C3103K289,EPCOS / TDK,电容,,0.01uF,,630VDC,±10%,
PCS0J101MCL1GS,Nichicon,电容,,100uF,,6.3VDC,±20%,
108CKR050M,Illinois Capacitor / CDE,电容,,1000uF,,50VDC,±20%,
105MWR250K,Illinois Capacitor / CDE,电容,,1uF,,250VDC,±10%,
PCJ1A121MCL1GS,Nichicon,电容,,120uF,,10VDC,±20%,
NLW50-50,Cornell Dubilier - CDE,电容,,50uF,,50VDC,"- 10 %, + 75 %",
DEA1X3D220JP2A,Murata Electronics,电容,,22pF,,2kVDC,±5%,
DEBB33D152KA2B,Murata Electronics,电容,,1500pF,,2kVDC,±10%,
25SVP22M,Panasonic,电容,,22uF,,25VDC,±20%,
107CKR063M,Illinois Capacitor / CDE,电容,,100uF,,63VDC,±20%,
PCV1H120MCL2GS,Nichicon,电容,,12uF,,50VDC,±20%,
B32529C1102K,EPCOS / TDK,电容,,1000pF,,100VDC,±10%,
B32529C1472J289,EPCOS / TDK,电容,,4700pF,,100VDC,±5%,
DEA1X3D560JA2B,Murata Electronics,电容,,56pF,,2kVDC,±5%,
B32672L1103J,EPCOS / TDK,电容,,0.01uF,,1.6kVDC,±5%,
B32652A6224K,EPCOS / TDK,电容,,0.22uF,,630VDC,±10%,
HHXA160ARA151MF80G,United Chemi-Con,电容,,150uF,,16VDC,±20%,
PCG0J331MCL1GS,Nichicon,电容,,330uF,,6.3VDC,±20%,
PCG1C821MCL1GS,Nichicon,电容,,820uF,,16VDC,±20%,
DEA1X3F220JCDB,Murata Electronics,电容,,22pF,,3.15kVDC,±5%,
B32922C3223M,EPCOS / TDK,电容,,0.022uF,,630VDC,±20%,
B32652A104J,EPCOS / TDK,电容,,0.1uF,,,±5%,
PCG0G122MCL1GS,Nichicon,电容,,1200uF,,4VDC,±20%,
168474J63H-F,Cornell Dubilier - CDE,电容,,0.47uF,,63VDC,±5%,
PCR1C221MCL1GS,Nichicon,电容,,220uF,,16VDC,±20%,
DEA1X3F270JC3B,Murata Electronics,电容,,27pF,,3.15kVDC,±5%,
B32652A3334J,EPCOS / TDK,电容,,0.33uF,,250VDC,±5%,
106CKH100M,Illinois Capacitor / CDE,电容,,10uF,,100VDC,±20%,
106RSS035M,Illinois Capacitor / CDE,电容,,10uF,,35VDC,±20%,
PCF0J331MCL1GS,Nichicon,电容,,330uF,,6.3VDC,±20%,
PCJ1C221MCL1GS,Nichicon,电容,,220uF,,16VDC,±20%,
109CKS016M,Illinois Capacitor / CDE,电容,,10000uF,,16VDC,±20%,
HHXA350ARA151MHA0G,United Chemi-Con,电容,,150uF,,35VDC,±20%,
B32562J6474K000,EPCOS / TDK,电容,,0.47uF,,400VDC,±10%,
B32672L8223J,EPCOS / TDK,电容,,0.022uF,,2kVDC,±5%,
P295BJ222M500A,KEMET,电容,,2200pF,,-,±20%,
105CKR100M,Illinois Capacitor / CDE,电容,,1uF,,100VDC,±20%,
104MSR250K,Illinois Capacitor / CDE,电容,,0.1uF,,250VDC,±10%,
104MWR100K,Illinois Capacitor / CDE,电容,,0.1uF,,100VDC,±10%,
PCJ1C221MCL4GS,Nichicon,电容,,220uF,,16VDC,±20%,
PCV1J390MCL2GS,Nichicon,电容,,39uF,,63VDC,±20%,
PCV1D471MCL2GS,Nichicon,电容,,470uF,,20VDC,±20%,
106K100CS4G-FA,Cornell Dubilier - CDE,电容,,10uF,,100VDC,±10%,
B32529C1103J289,EPCOS / TDK,电容,,0.01uF,,100VDC,±5%,
PCV1C271MCL7GS,Nichicon,电容,,270uF,,16VDC,±20%,
103MWR400K,Illinois Capacitor / CDE,电容,,0.01uF,,400VDC,±10%,
PCV1J220MCL1GS,Nichicon,电容,,22uF,,63VDC,±20%,
106K100CS4,Cornell Dubilier - CDE,电容,,10uF,,100VDC,±10%,
DEA1X3D180JP2A,Murata Electronics,电容,,18pF,,2kVDC,±5%,
B32932A3474M,EPCOS / TDK,电容,,0.47uF,,-,±20%,
B32656S0105K561,EPCOS / TDK,电容,,1uF,,1kVDC,±10%,
PCG1A561MCL1GS,Nichicon,电容,,560uF,,10VDC,±20%,
HHXA800ARA220MHA0G,United Chemi-Con,电容,,22uF,,80VDC,±20%,
109RZM016M,Illinois Capacitor / CDE,电容,,10000uF,,16VDC,±20%,
B32529C1473K,EPCOS / TDK,电容,,0.047uF,,100VDC,±10%,
DE6B3KJ101KN3A,Murata Electronics,电容,,100pF,,,±10%,
105TTA350M,Illinois Capacitor / CDE,电容,,1uF,,350VDC,±20%,
105MMR250K,Illinois Capacitor / CDE,电容,,1uF,,250VDC,±10%,
108CKE025M,Illinois Capacitor / CDE,电容,,1000uF,,25VDC,±20%,
PCK0G331MCO1GS,Nichicon,电容,,330uF,,4VDC,±20%,
PCR1C471MCL6GS,Nichicon,电容,,470uF,,16VDC,±20%,
PCV1K120MCL1GS,Nichicon,电容,,12uF,,80VDC,±20%,
DEBE33F222ZA3B,Murata Electronics,电容,,2200pF,,3.15kVDC,±20%,
B32921C3223K,EPCOS / TDK,电容,,0.022uF,,630VDC,±10%,
B32671P4104K000,EPCOS / TDK,电容,,0.1uF,,450VDC,±10%,
106BPS050M,Illinois Capacitor / CDE,电容,,10uF,,50VDC,,
108CKS025M,Illinois Capacitor / CDE,电容,,1000uF,,25VDC,±20%,
168472J100A-F,Cornell Dubilier - CDE,电容,,4700pF,,100VDC,±5%,
108CKE063M,Illinois Capacitor / CDE,电容,,1000uF,,63VDC,±20%,
104MWR102K,Illinois Capacitor / CDE,电容,,0.1uF,,1kVDC,±10%,
PCR1E331MCL1GS,Nichicon,电容,,330uF,,25VDC,±20%,
104PPA122K,Illinois Capacitor / CDE,电容,,0.1uF,,1.2kVDC,±10%,
DEBE33D472ZN2A,Murata Electronics,电容,,4700pF,,2kVDC,±20%,
B32652A223K,EPCOS / TDK,电容,,0.022uF,,1kVDC,±10%,
B32652A6224J189,EPCOS / TDK,电容,,0.22uF,,630VDC,±5%,
102MWR630K,Illinois Capacitor / CDE,电容,,1000pF,,630VDC,±10%,
168332J100A-F,Cornell Dubilier - CDE,电容,,3300pF,,100VDC,±5%,
HHXB250ARA560MF61G,United Chemi-Con,电容,,56uF,,25VDC,±20%,
PCR1J220MCL1GS,Nichicon,电容,,22uF,,63VDC,±20%,
104PPB630K,Illinois Capacitor / CDE,电容,,0.1uF,,630VDC,±10%,
PCR1E221MCL6GS,Nichicon,电容,,220uF,,25VDC,±20%,
PCR1D471MCL1GS,Nichicon,电容,,470uF,,20VDC,±20%,
HHXA250ARA331MJA0G,United Chemi-Con,电容,,330uF,,25VDC,±20%,
PCV1K220MCL1GS,Nichicon,电容,,22uF,,80VDC,±20%,
B32672L1822J,EPCOS / TDK,电容,,8200pF,,1.6kVDC,±5%,
P278HE222M480A,KEMET,电容,,2200pF,,-,±20%,
HHXB160ARA151MF80G,United Chemi-Con,电容,,150uF,,16VDC,±20%,
DEA1X3F151JA3B,Murata Electronics,电容,,150pF,,3.15kVDC,±5%,
B32923C3334M289,EPCOS / TDK,电容,,0.33uF,,630VDC,±20%,
B25673A5302A020,EPCOS / TDK,电容,,115.5uFx3,,,"- 5 %, + 10 %",
B25667C4417A365,EPCOS / TDK,电容,,,,,"- 5 %, + 10 %",
105CKE450M,Illinois Capacitor / CDE,电容,,1uF,,450VDC,±20%,
103MSR400K,Illinois Capacitor / CDE,电容,,0.01uF,,400VDC,±10%,
105MKP275KG,Illinois Capacitor / CDE,电容,,1uF,,,±10%,
PCV1J270MCL1GS,Nichicon,电容,,27uF,,63VDC,±20%,
PCR1E271MCL1GS,Nichicon,电容,,270uF,,25VDC,±20%,
HHXB800ARA390MJA0G,United Chemi-Con,电容,,39uF,,80VDC,±20%,
HHXB160ARA471MJA0G,United Chemi-Con,电容,,470uF,,16VDC,±20%,
106PHC400K,Illinois Capacitor / CDE,电容,,10uF,,400VDC,±10%,
NLW100-50,Cornell Dubilier - CDE,电容,,100uF,,50VDC,"- 10 %, + 75 %",
B32529C1473J289,EPCOS / TDK,电容,,0.047uF,,100VDC,±5%,
B32529D225K,EPCOS / TDK,电容,,2.2uF,,,±10%,
LDECD3470JA5N00,KEMET,电容,,0.47uF,,50VDC,±5%,
B25673A5082A320,EPCOS / TDK,电容,,32uFx3,,,"- 5 %, + 10 %",
107CKE025MEM,Illinois Capacitor / CDE,电容,,100uF,,25VDC,±20%,
167104J100A-F,Cornell Dubilier - CDE,电容,,0.1uF,,100VDC,±5%,
PCF1E470MCL1GS,Nichicon,电容,,47uF,,25VDC,±20%,
HHXB350ARA151MHA0G,United Chemi-Con,电容,,150uF,,35VDC,±20%,
B32672L8153J,EPCOS / TDK,电容,,0.015uF,,2kVDC,±5%,
LDEQD1220KA5N00,KEMET,电容,,2200pF,,1kVDC,±10%,
PCS1A271MCL1GS,Nichicon,电容,,270uF,,10VDC,±20%,
HHXA630ARA100MF61G,United Chemi-Con,电容,,10uF,,63VDC,±20%,
305PHC400K,Illinois Capacitor / CDE,电容,,3uF,,400VDC,±10%,
505PHC250K,Illinois Capacitor / CDE,电容,,5uF,,250VDC,±10%,
DEA1X3D820JA2B,Murata Electronics,电容,,82pF,,2kVDC,±5%,
B32922C3333M,EPCOS / TDK,电容,,0.033uF,,630VDC,±20%,
B32652A6104K289,EPCOS / TDK,电容,,0.1uF,,630VDC,±10%,
LDEME3100KA5N00,KEMET,电容,,0.1uF,,400VDC,±10%,
PEH200KA4680MU2,KEMET,电容,,6800uF,,40VDC,±20%,
HHXA160ARA820MF61G,United Chemi-Con,电容,,82uF,,16VDC,±20%,
105PHC600K,Illinois Capacitor / CDE,电容,,1uF,,600VDC,±10%,
105PHC400K,Illinois Capacitor / CDE,电容,,1uF,,400VDC,±10%,
109LBB063M2DG,Illinois Capacitor / CDE,电容,,10000uF,,,,
DEA1X3D330JP2A,Murata Electronics,电容,,33pF,,2kVDC,±5%,
DEA1X3D271JA2B,Murata Electronics,电容,,270pF,,2kVDC,±5%,
DEBB33F222KN3A,Murata Electronics,电容,,2200pF,,3.15kVDC,±10%,
B32529D1105K189,EPCOS / TDK,电容,,1uF,,100VDC,±10%,
6SEP330M,Panasonic,电容,,330uF,,6.3VDC,±20%,
PEH169HA4470QU2,KEMET,电容,,4700uF,,25VDC,"- 10 %, + 30 %",
107SML035M,Illinois Capacitor / CDE,电容,,100uF,,35VDC,±20%,
PCJ1A151MCL1GS,Nichicon,电容,,150uF,,10VDC,±20%,
PCJ0J391MCL1GS,Nichicon,电容,,390uF,,6.3VDC,±20%,
PCF1A331MCL4GS,Nichicon,电容,,330uF,,10VDC,±20%,
108CKS100MRY,Illinois Capacitor / CDE,电容,,1000uF,,100VDC,±20%,
PCV1H330MCL6GS,Nichicon,电容,,33uF,,50VDC,±20%,
105K400CS6G,Cornell Dubilier - CDE,电容,,1uF,,400VDC,±10%,
B32529C1102K289,EPCOS / TDK,电容,,1000pF,,100VDC,±10%,
CS45-E2GA222M-VKA,TDK,电容,,2200pF,,,±20%,
B32922C3154M189,EPCOS / TDK,电容,,0.15uF,,630VDC,±20%,
LDEEB2470KA0N00,KEMET,电容,,0.047uF,,100VDC,±10%,
LDEED3470KA0N00,KEMET,电容,,0.47uF,,100VDC,±10%,
PCS0J221MCL1GS,Nichicon,电容,,220uF,,6.3VDC,±20%,
PCV1E330MCL1GS,Nichicon,电容,,33uF,,25VDC,±20%,
107AXZ050M,Illinois Capacitor / CDE,电容,,100uF,,50VDC,±20%,
PCJ1A680MCL1GS,Nichicon,电容,,68uF,,10VDC,±20%,
PCF1D151MCL1GS,Nichicon,电容,,150uF,,20VDC,±20%,
HHXB500ARA680MHA0G,United Chemi-Con,电容,,68uF,,50VDC,±20%,
PCR1D331MCL6GS,Nichicon,电容,,330uF,,20VDC,±20%,
PCV1J330MCL1GS,Nichicon,电容,,33uF,,63VDC,±20%,
PCV2B120MCL1GS,Nichicon,电容,,12uF,,125VDC,±20%,
104PPA202K,Illinois Capacitor / CDE,电容,,0.1uF,,2kVDC,±10%,
LAR2W221MELA40,Nichicon,电容,,220uF,,450VDC,±20%,
DEA1X3F220JP3A,Murata Electronics,电容,,22pF,,3.15kVDC,±5%,
B32529C1472K,EPCOS / TDK,电容,,4700pF,,100VDC,±10%,
DEA1X3D221JN2A,Murata Electronics,电容,,220pF,,2kVDC,±5%,
CBR08C509B1GAC,KEMET,电容,,5pF,805,100VDC,,
B32529D225K189,EPCOS / TDK,电容,,2.2uF,,,±10%,
B32022A3473M189,EPCOS / TDK,电容,,0.047uF,,1.5kVDC,±20%,
107BPA016M,Illinois Capacitor / CDE,电容,,100uF,,16VDC,±20%,
PCF1A100MCL1GB,Nichicon,电容,,10uF,,10VDC,±20%,
108CKS050M,Illinois Capacitor / CDE,电容,,1000uF,,50VDC,±20%,
PCS1A680MCL1GS,Nichicon,电容,,68uF,,10VDC,±20%,
PCJ1C820MCL1GS,Nichicon,电容,,82uF,,16VDC,±20%,
PCG1C470MCL1GS,Nichicon,电容,,47uF,,16VDC,±20%,
PCJ1C271MCL1GS,Nichicon,电容,,270uF,,16VDC,±20%,
PCK0J821MCO1GS,Nichicon,电容,,820uF,,6.3VDC,±20%,
PCJ0J182MCL1GS,Nichicon,电容,,1800uF,,6.3VDC,±20%,
PCV1V560MCL1GS,Nichicon,电容,,56uF,,35VDC,±20%,
PCV1H220MCL2GS,Nichicon,电容,,22uF,,50VDC,±20%,
PCV1V680MCL1GS,Nichicon,电容,,68uF,,35VDC,±20%,
PCR1K390MCL1GS,Nichicon,电容,,39uF,,80VDC,±20%,
LGG2D681MELA30,Nichicon,电容,,680uF,,200VDC,±20%,
B32559C6103K000,EPCOS / TDK,电容,,0.01uF,,400VDC,±10%,
B32922C3334K000,EPCOS / TDK,电容,,0.33uF,,630VDC,±10%,
DE6E3KJ472MA3B,Murata Electronics,电容,,4700pF,,,±20%,
25SEP22M,Panasonic,电容,,22uF,,25VDC,±20%,
16SEP180M,Panasonic,电容,,180uF,,16VDC,±20%,
25SEPF330M+T,Panasonic,电容,,330uF,,25VDC,±20%,
B32654A2333J,EPCOS / TDK,电容,,0.033uF,,2kVDC,±5%,
B32656S0155K561,EPCOS / TDK,电容,,1.5uF,,1kVDC,±10%,
HMJ107BB7103KAHT,Taiyo Yuden,电容,,0.01uF,,100VDC,±10%,
106BPS100M,Illinois Capacitor / CDE,电容,,10uF,,100VDC,±20%,
108CKS016M,Illinois Capacitor / CDE,电容,,1000uF,,16VDC,±20%,
103MPR630K,Illinois Capacitor / CDE,电容,,0.01uF,,,,
HHXB160ARA820MF61G,United Chemi-Con,电容,,82uF,,16VDC,±20%,
HHXA250ARA560MF61G,United Chemi-Con,电容,,56uF,,25VDC,±20%,
PCV1E151MCL7GS,Nichicon,电容,,150uF,,25VDC,±20%,
106MMR250K,Illinois Capacitor / CDE,电容,,10uF,,250VDC,±10%,
PCV1E181MCL1GS,Nichicon,电容,,180uF,,25VDC,±20%,
LAQ2G151MELZ40,Nichicon,电容,,150uF,,400VDC,±20%,
206PHC250K,Illinois Capacitor / CDE,电容,,20uF,,250VDC,±10%,
DEA1X3F100JCDB,Murata Electronics,电容,,10pF,,3.15kVDC,±5%,
DEBB33D222KB2B,Murata Electronics,电容,,2200pF,,2kVDC,±10%,
DE6E3KJ102MA3B,Murata Electronics,电容,,1000pF,,,±10%,
PEH200MJ5220MB2,KEMET,电容,,22000uF,,63VDC,±20%,
107SML016M,Illinois Capacitor / CDE,电容,,100uF,,16VDC,±20%,
107AXZ025M,Illinois Capacitor / CDE,电容,,100uF,,25VDC,±20%,
106TXK450M,Illinois Capacitor / CDE,电容,,10uF,,450VDC,±20%,
PCF1E220MCL1GS,Nichicon,电容,,22uF,,25VDC,±20%,
PCR1V680MCL1GS,Nichicon,电容,,68uF,,35VDC,±20%,
PCF1D121MCL1GS,Nichicon,电容,,120uF,,20VDC,±20%,
PCV2A6R8MCL1GS,Nichicon,电容,,6.8uF,,100VDC,±20%,
HHXB250ARA331MJA0G,United Chemi-Con,电容,,330uF,,25VDC,±20%,
30393-9,Cornell Dubilier - CDE,电容,,,,,,
PCX1H470MCL1GS,Nichicon,电容,,47uF,,50VDC,±20%,
106MABA03KJS,Illinois Capacitor / CDE,电容,,10uF,,500VDC,±10%,
105PPB102K,Illinois Capacitor / CDE,电容,,1uF,,1kVDC,±10%,
DEBB33F221KP3A,Murata Electronics,电容,,220pF,,3.15kVDC,±10%,
B32652A333J,EPCOS / TDK,电容,,0.033uF,,,±5%,
B32521C1105J289,EPCOS / TDK,电容,,1uF,,100VDC,±5%,
P295BQ472M500A,KEMET,电容,,4700pF,,-,±20%,
B32654A2473J,EPCOS / TDK,电容,,0.047uF,,2kVDC,±5%,
PEH200YT4220MU2,KEMET,电容,,2200uF,,450VDC,±20%,
105CKR250M,Illinois Capacitor / CDE,电容,,1uF,,250VDC,±20%,
106CKE400M,Illinois Capacitor / CDE,电容,,10uF,,400VDC,±20%,
168222K100A-F,Cornell Dubilier - CDE,电容,,2200pF,,100VDC,±10%,
PCJ0J331MCL4GS,Nichicon,电容,,330uF,,6.3VDC,±20%,
PCF1A271MCL1GS,Nichicon,电容,,270uF,,10VDC,±20%,
108KXM050M,Illinois Capacitor / CDE,电容,,1000uF,,50VDC,±20%,
103PPB162K,Illinois Capacitor / CDE,电容,,0.01uF,,1.6kVDC,±10%,
PCX1C151MCL6GS,Nichicon,电容,,150uF,,16VDC,±20%,
LGG2D561MELZ30,Nichicon,电容,,560uF,,200VDC,±20%,
DE1E3KX152MB4BN01F,Murata Electronics,电容,,1500pF,,,±20%,
B32529D1105K289,EPCOS / TDK,电容,,1uF,,100VDC,±10%,
25SEP56M+T,Panasonic,电容,,56uF,,25VDC,±20%,
B32656S105K561,EPCOS / TDK,电容,,1uF,,1kVDC,±10%,
104MPR630K,Illinois Capacitor / CDE,电容,,0.1uF,,630VDC,±10%,
PCF1D100MCL1GS,Nichicon,电容,,10uF,,20VDC,±20%,
PCF1A4R7MCL1GB,Nichicon,电容,,4.7uF,,10VDC,±20%,
PCF1C330MCL1GS,Nichicon,电容,,33uF,,16VDC,±20%,
PCJ1A470MCL1GS,Nichicon,电容,,47uF,,10VDC,±20%,
PCG1C820MCL1GS,Nichicon,电容,,82uF,,16VDC,±20%,
PCV1J5R6MCL1GS,Nichicon,电容,,5.6uF,,63VDC,±20%,
103PPB630K,Illinois Capacitor / CDE,电容,,0.01uF,,630VDC,±10%,
HHXA500ARA330MF80G,United Chemi-Con,电容,,33uF,,50VDC,±20%,
PCV1C221MCL1GS,Nichicon,电容,,220uF,,16VDC,±20%,
PCR1D681MCL1GS,Nichicon,电容,,680uF,,20VDC,±20%,
LGG2D821MELA35,Nichicon,电容,,820uF,,200VDC,±20%,
109LBA035M2DD,Illinois Capacitor / CDE,电容,,10000uF,,,,
B32922C3103M,EPCOS / TDK,电容,,0.01uF,,630VDC,±20%,
PCF1E330MCL1GS,Nichicon,电容,,33uF,,25VDC,±20%,
PCJ1A681MCL1GS,Nichicon,电容,,680uF,,10VDC,±20%,
PCV1E560MCL1GS,Nichicon,电容,,56uF,,25VDC,±20%,
108CKE100M,Illinois Capacitor / CDE,电容,,1000uF,,100VDC,±20%,
PCX1V101MCL1GS,Nichicon,电容,,100uF,,35VDC,±20%,
B32521C1684J,EPCOS / TDK,电容,,0.68uF,,100VDC,±5%,
B32529D3224J,EPCOS / TDK,电容,,0.22uF,,250VDC,±5%,
108CKE010M,Illinois Capacitor / CDE,电容,,1000uF,,10VDC,±20%,
106AXZ035M,Illinois Capacitor / CDE,电容,,10uF,,35VDC,±20%,
108KXM035M,Illinois Capacitor / CDE,电容,,1000uF,,35VDC,±20%,
PCF1E100MCL1GS,Nichicon,电容,,10uF,,25VDC,±20%,
PCV1C560MCL1GS,Nichicon,电容,,56uF,,16VDC,±20%,
PCJ0J101MCL1GS,Nichicon,电容,,100uF,,6.3VDC,±20%,
PCF0J121MCL1GS,Nichicon,电容,,120uF,,6.3VDC,±20%,
167334J100C-F,Cornell Dubilier - CDE,电容,,0.33uF,,100VDC,±5%,
PCJ0J331MCL1GS,Nichicon,电容,,330uF,,6.3VDC,±20%,
106MWR250K,Illinois Capacitor / CDE,电容,,10uF,,250VDC,±10%,
106PHC250K,Illinois Capacitor / CDE,电容,,10uF,,250VDC,±10%,
105PMB850KSP2,Cornell Dubilier - CDE,电容,,1uF,,850VDC,±10%,
105PMB122KSP1,Cornell Dubilier - CDE,电容,,1uF,,1.2kVDC,±10%,
255PMB850KSP0,Cornell Dubilier - CDE,电容,,2.5uF,,850VDC,±10%,
DEBB33D331KP2A,Murata Electronics,电容,,330pF,,2kVDC,±10%,
LDBCA1680GC5N0,KEMET,电容,,6800pF,,50VDC,±2%,
25SEP10M+TSS,Panasonic,电容,,10uF,,25VDC,±20%,
B32656S0684K564,EPCOS / TDK,电容,,0.68uF,,1kVDC,±10%,
PEH169KA4330QB2,KEMET,电容,,3300uF,,40VDC,"- 10 %, + 30 %",
B25673A4252A080,EPCOS / TDK,电容,,115.2uFx3,,,"- 5 %, + 10 %",
HMJ107BB7223KAHT,Taiyo Yuden,电容,,0.022uF,,100VDC,±10%,
PCS0J470MCL1GS,Nichicon,电容,,47uF,,6.3VDC,±20%,
PCS1C220MCL1GS,Nichicon,电容,,22uF,,16VDC,±20%,
HHXA630ARA220MF80G,United Chemi-Con,电容,,22uF,,63VDC,±20%,
PCV1V270MCL1GS,Nichicon,电容,,27uF,,35VDC,±20%,
HHXA160ARA271MHA0G,United Chemi-Con,电容,,270uF,,16VDC,±20%,
PCV1C271MCL1GS,Nichicon,电容,,270uF,,16VDC,±20%,
HHXB250ARA221MHA0G,United Chemi-Con,电容,,220uF,,25VDC,±20%,
PCV1E151MCL2GS,Nichicon,电容,,150uF,,25VDC,±20%,
PCV1C221MCL6GS,Nichicon,电容,,220uF,,16VDC,±20%,
PCX1H220MCL6GS,Nichicon,电容,,22uF,,50VDC,±20%,
104PPA302K,Illinois Capacitor / CDE,电容,,0.1uF,,3kVDC,±10%,
B32529C1102K189,EPCOS / TDK,电容,,1000pF,,100VDC,±10%,
B32932A3224M,EPCOS / TDK,电容,,0.22uF,,-,±20%,
PEH200SH4150MB2,KEMET,电容,,1500uF,,250VDC,±20%,
PEH169RV510VMB2,KEMET,电容,,10000uF,,200VDC,±20%,
107TTA010M,Illinois Capacitor / CDE,电容,,100uF,,10VDC,±20%,
PCF0J101MCL6GS,Nichicon,电容,,100uF,,6.3VDC,±20%,
PCF0J101MCL1GS,Nichicon,电容,,100uF,,6.3VDC,±20%,
167103J250A-F,Cornell Dubilier - CDE,电容,,0.01uF,,250VDC,±5%,
PCF1C3R3MCL1GB,Nichicon,电容,,3.3uF,,16VDC,±20%,
PCJ1A560MCL1GS,Nichicon,电容,,56uF,,10VDC,±20%,
HHXB630ARA100MF61G,United Chemi-Con,电容,,10uF,,63VDC,±20%,
PCG1C151MCL1GS,Nichicon,电容,,150uF,,16VDC,±20%,
PCG0E472MCL1GS,Nichicon,电容,,4700uF,,2.5VDC,±20%,
167105J63C-F,Cornell Dubilier - CDE,电容,,1uF,,63VDC,±5%,
106MABA02KJS,Illinois Capacitor / CDE,电容,,10uF,,600VDC,±10%,
205PPA122K,Illinois Capacitor / CDE,电容,,2uF,,1.2kVDC,±10%,
DEA1X3D560JN2A,Murata Electronics,电容,,56pF,,2kVDC,±5%,
B32521C1334J000,EPCOS / TDK,电容,,0.33uF,,100VDC,±5%,
B32671P6154K000,EPCOS / TDK,电容,,0.15uF,,630VDC,±10%,
25SEPF56M+TSS,Panasonic,电容,,56uF,,25VDC,±20%,
P409QM473M275AH101,KEMET,电容,,0.047uF,,630VDC,±20%,
P278SU104M480A,KEMET,电容,,0.1uF,,-,±20%,
LDEED3470JA0N00,KEMET,电容,,0.47uF,,100VDC,±5%,
B32656S0105K565,EPCOS / TDK,电容,,1uF,,1kVDC,±10%,
PEH200YC3220MB2,KEMET,电容,,220uF,,450VDC,±20%,
107SML050M,Illinois Capacitor / CDE,电容,,100uF,,50VDC,±20%,
PCF1A151MCL6GS,Nichicon,电容,,150uF,,10VDC,±20%,
PCS0J221MCL9GS,Nichicon,电容,,220uF,,6.3VDC,±20%,
PCF0J681MCL1GS,Nichicon,电容,,680uF,,6.3VDC,±20%,
PCF0J471MCL6GS,Nichicon,电容,,470uF,,6.3VDC,±20%,
HHXB160ARA271MHA0G,United Chemi-Con,电容,,270uF,,16VDC,±20%,
PCX1D151MCL1GS,Nichicon,电容,,150uF,,20VDC,±20%,
109LBA050M2EE,Illinois Capacitor / CDE,电容,,10000uF,,,,
B32921C3683K000,EPCOS / TDK,电容,,0.068uF,,630VDC,±10%,
B32652A3224K000,EPCOS / TDK,电容,,0.22uF,,250VDC,±10%,
LDBCB2470GC5N0,KEMET,电容,,0.047uF,,50VDC,±2%,
16SEP150M+T,Panasonic,电容,,150uF,,16VDC,±20%,
B32656S125K562,EPCOS / TDK,电容,,1.2uF,,,±10%,
106SML035MD4,Illinois Capacitor / CDE,电容,,10uF,,35VDC,±20%,
106CKE450MLU,Illinois Capacitor / CDE,电容,,10uF,,450VDC,±20%,
108SAK050M,Illinois Capacitor / CDE,电容,,1000uF,,50VDC,±20%,
PCF0J820MCL1GS,Nichicon,电容,,82uF,,6.3VDC,±20%,
PCF1C820MCL1GS,Nichicon,电容,,82uF,,16VDC,±20%,
PCV1H8R2MCL1GS,Nichicon,电容,,8.2uF,,50VDC,±20%,
PCF1A331MCL1GS,Nichicon,电容,,330uF,,10VDC,±20%,
PCJ0J121MCL1GS,Nichicon,电容,,120uF,,6.3VDC,±20%,
PCR1H390MCL1GS,Nichicon,电容,,39uF,,50VDC,±20%,
HHXB800ARA220MHA0G,United Chemi-Con,电容,,22uF,,80VDC,±20%,
PCR1D331MCL1GS,Nichicon,电容,,330uF,,20VDC,±20%,
PCR1D561MCL1GS,Nichicon,电容,,560uF,,20VDC,±20%,
LAR2D391MELZ25,Nichicon,电容,,390uF,,200VDC,±20%,
107LBA450M2BE,Illinois Capacitor / CDE,电容,,100uF,,,,
LAR2E471MELB25,Nichicon,电容,,470uF,,250VDC,±20%,
B32672L6224K,EPCOS / TDK,电容,,0.22uF,,630VDC,±10%,
P278HE102M480A,KEMET,电容,,1000pF,,-,±20%,
B32671P6683K000,EPCOS / TDK,电容,,0.068uF,,630VDC,±10%,
P278QE103M480A,KEMET,电容,,0.01uF,,-,±20%,
LDBAA2220JC5N0,KEMET,电容,,0.022uF,,16VDC,±5%,
LDEIE3150KA5N00,KEMET,电容,,0.15uF,,250VDC,±10%,
PEH169VB3150QU2,KEMET,电容,,150uF,,400VDC,"- 10 %, + 30 %",
B25673A4282A140,EPCOS / TDK,电容,,154.1uFx3,,,"- 5 %, + 10 %",
104MPW250K,Illinois Capacitor / CDE,电容,,0.1uF,,250VDC,±10%,
167102J630A-F,Cornell Dubilier - CDE,电容,,1000pF,,630VDC,±5%,
167224J63A-F,Cornell Dubilier - CDE,电容,,0.22uF,,63VDC,±5%,
105MMR630K,Illinois Capacitor / CDE,电容,,1uF,,630VDC,±10%,
PCV1H390MCL1GS,Nichicon,电容,,39uF,,50VDC,±20%,
PCV1K100MCL1GS,Nichicon,电容,,10uF,,80VDC,±20%,
PCX1V101MCS1GS,Nichicon,电容,,100uF,,35VDC,±20%,
104PPB202K,Illinois Capacitor / CDE,电容,,0.1uF,,2kVDC,±10%,
XB3560-2R5407-R,PowerStor / Eaton,电容,,400F,,2.5VDC,±10%,
B32922C3154M289,EPCOS / TDK,电容,,0.15uF,,630VDC,±20%,
B32672L6473K,EPCOS / TDK,电容,,0.047uF,,630VDC,±10%,
B32529D3224K189,EPCOS / TDK,电容,,0.22uF,,250VDC,±10%,
B32671P5224K000,EPCOS / TDK,电容,,0.22uF,,520VDC,±10%,
6SEP82M,Panasonic,电容,,82uF,,6.3VDC,±20%,
LDEMD2330KA5N00,KEMET,电容,,0.033uF,,400VDC,±10%,
P278EJ104M480A,KEMET,电容,,0.1uF,,-,±20%,
P409EL474M275AH330,KEMET,电容,,0.47uF,,630VDC,±20%,
B32656S1224K565,EPCOS / TDK,电容,,0.22uF,,1.6kVDC,±10%,
B25673A4252A040,EPCOS / TDK,电容,,137.1uFx3,,,"- 5 %, + 10 %",
HMJ107AB7102KAHT,Taiyo Yuden,电容,,1000pF,,100VDC,±10%,
106SML050M,Illinois Capacitor / CDE,电容,,10uF,,50VDC,±20%,
PCJ0E181MCL1GS,Nichicon,电容,,180uF,,2.5VDC,±20%,
108CKR063M,Illinois Capacitor / CDE,电容,,1000uF,,63VDC,±20%,
PCX1C101MCS1GS,Nichicon,电容,,100uF,,16VDC,±20%,
PCJ0J471MCL1GS,Nichicon,电容,,470uF,,6.3VDC,±20%,
PCV1E820MCL2GS,Nichicon,电容,,82uF,,25VDC,±20%,
LAR2G101MELZ25,Nichicon,电容,,100uF,,400VDC,±20%,
PCX1D181MCS1GS,Nichicon,电容,,180uF,,20VDC,±20%,
107LBB400M2CC,Cornell Dubilier - CDE,电容,,100uF,,,,
LAK2G101MELB25,Nichicon,电容,,100uF,,400VDC,±20%,
LAS2G101MELZ25,Nichicon,电容,,100uF,,400VDC,±20%,
LAR2G271MELC25,Nichicon,电容,,270uF,,400VDC,±20%,
LGG2C182MELB40,Nichicon,电容,,1800uF,,160VDC,±20%,
105PMB122KBP1,Cornell Dubilier - CDE,电容,,1uF,,,,
105PPA202K,Illinois Capacitor / CDE,电容,,1uF,,,,
B32652A3334K000,EPCOS / TDK,电容,,0.33uF,,250VDC,±10%,
B32922D3334M000,EPCOS / TDK,电容,,0.33uF,,630VDC,±20%,
P278HL472M480A,KEMET,电容,,4700pF,,-,±20%,
B32652A2472K,EPCOS / TDK,电容,,4700pF,,2kVDC,±10%,
B32671P5474K,EPCOS / TDK,电容,,0.47uF,,520VDC,±10%,
PEH200KD5220MB2,KEMET,电容,,22000uF,,40VDC,±20%,
B25673A4072A540,EPCOS / TDK,电容,,41.1uFx3,,,"- 5 %, + 10 %",
B25673A4122A500,EPCOS / TDK,电容,,82.9uFx3,,,"- 5 %, + 10 %",
KVD250L475M43A0T00,United Chemi-Con,电容,,4.7uF,,25VDC,±20%,
PCX1E560MCL1GS,Nichicon,电容,,56uF,,25VDC,±20%,
PCJ0G561MCL9GS,Nichicon,电容,,560uF,,4VDC,±20%,
PCG1A821MCL1GS,Nichicon,电容,,820uF,,10VDC,±20%,
PCG1C271MCL1GS,Nichicon,电容,,270uF,,16VDC,±20%,
PCG0G272MCL1GS,Nichicon,电容,,2700uF,,4VDC,±20%,
PCV1H560MCL2GS,Nichicon,电容,,56uF,,50VDC,±20%,
PCX1H220MCS1GS,Nichicon,电容,,22uF,,50VDC,±20%,
109LBB050M2DE,Illinois Capacitor / CDE,电容,,10000uF,,,,
LAR2W471MELC45,Nichicon,电容,,470uF,,450VDC,±20%,
635LC5700K5PM8,Illinois Capacitor / CDE,电容,,6.3uF,,,±10%,
B32529C1472K289,EPCOS / TDK,电容,,4700pF,,100VDC,±10%,
B32652A7273J000,EPCOS / TDK,电容,,0.027uF,,1.25kVDC,±5%,
6SEP150M+TSS,Panasonic,电容,,150uF,,6.3VDC,±20%,
B32594C8334J8,EPCOS / TDK,电容,,0.33uF,,630VDC,±5%,
B32594C6684J8,EPCOS / TDK,电容,,0.68uF,,400VDC,±5%,
6SEP820M,Panasonic,电容,,820uF,,6.3VDC,±20%,
LDECE4150KA0N00,KEMET,电容,,1.5uF,,50VDC,±10%,
B32656S155K561,EPCOS / TDK,电容,,1.5uF,,,±10%,
B32656S155J561,EPCOS / TDK,电容,,1.5uF,,,±5%,
B25673A4302A040,EPCOS / TDK,电容,,164uFx3,,,"- 5 %, + 10 %",
HMJ107BB7472KAHT,Taiyo Yuden,电容,,4700pF,,100VDC,±10%,
105MMR400K,Illinois Capacitor / CDE,电容,,1uF,,400VDC,±10%,
PCV1J8R2MCL2GS,Nichicon,电容,,8.2uF,,63VDC,±20%,
PCG0G221MCO1GS,Nichicon,电容,,220uF,,4VDC,±20%,
PCF1C181MCL4GS,Nichicon,电容,,180uF,,16VDC,±20%,
PCF0E821MCL1GS,Nichicon,电容,,820uF,,2.5VDC,±20%,
PCF0J821MCL1GS,Nichicon,电容,,820uF,,6.3VDC,±20%,
PCX1D121MCL1GS,Nichicon,电容,,120uF,,20VDC,±20%,
HHXA630ARA330MHA0G,United Chemi-Con,电容,,33uF,,63VDC,±20%,
PCX1V680MCL1GS,Nichicon,电容,,68uF,,35VDC,±20%,
LGG2C102MELB25,Nichicon,电容,,1000uF,,160VDC,±20%,
DEBB33D681KN2A,Murata Electronics,电容,,680pF,,2kVDC,±10%,
LDBAA2470GC5N0,KEMET,电容,,0.047uF,,16VDC,±2%,
LDEEC2680KA5N00,KEMET,电容,,0.068uF,,100VDC,±10%,
LDEIF3330KA5N00,KEMET,电容,,0.33uF,,250VDC,±10%,
PEH205GA5180QU0,KEMET,电容,,18000uF,,16VDC,"- 10 %, + 30 %",
B25673A4062A380,EPCOS / TDK,电容,,29uFx3,,,"- 5 %, + 10 %",
B25673A4102A040,EPCOS / TDK,电容,,57uFx3,,,"- 5 %, + 10 %",
105CKE400M,Illinois Capacitor / CDE,电容,,1uF,,400VDC,±20%,
PCF1E6R8MCL1GS,Nichicon,电容,,6.8uF,,25VDC,±20%,
167333J250B-F,Cornell Dubilier - CDE,电容,,0.033uF,,250VDC,±5%,
PCF1D220MCL4GB,Nichicon,电容,,22uF,,20VDC,±20%,
PCS0J101MCL9GS,Nichicon,电容,,100uF,,6.3VDC,±20%,
PCJ1C680MCL1GS,Nichicon,电容,,68uF,,16VDC,±20%,
PCX1H120MCS1GS,Nichicon,电容,,12uF,,50VDC,±20%,
PCJ0E821MCL6GS,Nichicon,电容,,820uF,,2.5VDC,±20%,
PCG0G332MCL1GS,Nichicon,电容,,3300uF,,4VDC,±20%,
168474K63H-F,Cornell Dubilier - CDE,电容,,0.47uF,,63VDC,±10%,
102PPB202K,Illinois Capacitor / CDE,电容,,1000pF,,,,
104PPB102K,Illinois Capacitor / CDE,电容,,0.1uF,,1kVDC,±10%,
109LBA016M2CC,Illinois Capacitor / CDE,电容,,10000uF,,,,
PCX1V560MCL1GS,Nichicon,电容,,56uF,,35VDC,±20%,
NLW15-50,Cornell Dubilier - CDE,电容,,15uF,,50VDC,,
DEBB33F102KB3B,Murata Electronics,电容,,1000pF,,3.15kVDC,±10%,
B32560J1684K000,EPCOS / TDK,电容,,0.68uF,,100VDC,±10%,
B32672L104J,EPCOS / TDK,电容,,0.1uF,,1kVDC,±5%,
LDBCA1330GC5N0,KEMET,电容,,3300pF,,50VDC,±2%,
B32656S1684K561,EPCOS / TDK,电容,,0.68uF,,1.6kVDC,±10%,
PEH200PJ5100MB2,KEMET,电容,,10000uF,,100VDC,±20%,
105TTA050MSD,Cornell Dubilier - CDE,电容,,1uF,,50VDC,±20%,
PCF0J220MCL1GB,Nichicon,电容,,22uF,,6.3VDC,±20%,
PCF0J151MCL1GS,Nichicon,电容,,150uF,,6.3VDC,±20%,
PCF1A560MCL4GB,Nichicon,电容,,56uF,,10VDC,±20%,
PCJ1C181MCL1GS,Nichicon,电容,,180uF,,16VDC,±20%,
PCJ0J821MCL4GS,Nichicon,电容,,820uF,,6.3VDC,±20%,
PCJ0J122MCL1GS,Nichicon,电容,,1200uF,,6.3VDC,±20%,
PCS0J121MCL9GS,Nichicon,电容,,120uF,,6.3VDC,±20%,
LAK2G470MELZ25,Nichicon,电容,,47uF,,400VDC,±20%,
LAR2G221MELZ45,Nichicon,电容,,220uF,,400VDC,±20%,
LAQ2G101MELA25,Nichicon,电容,,100uF,,400VDC,±20%,
109LBA063M2EG,Illinois Capacitor / CDE,电容,,10000uF,,,,
505LC3400K5LM8,Illinois Capacitor / CDE,电容,,5uF,,,±10%,
B32672L8222K000,EPCOS / TDK,电容,,2200pF,,2kVDC,±10%,
LDBCB2180GC5N0,KEMET,电容,,0.018uF,,50VDC,±2%,
P409QM473M275AH470,KEMET,电容,,0.047uF,,630VDC,±20%,
P409CE104M275AH330,KEMET,电容,,0.1uF,,630VDC,±20%,
P278CJ473M480A,KEMET,电容,,0.047uF,,-,±20%,
B81141C1473M000,EPCOS / TDK,电容,,0.047uF,,1kVDC,±20%,
PCS1A330MCL1GS,Nichicon,电容,,33uF,,10VDC,±20%,
PCF1A330MCL1GS,Nichicon,电容,,33uF,,10VDC,±20%,
PCX1D680MCL1GS,Nichicon,电容,,68uF,,20VDC,±20%,
PCX1H5R6MCL1GS,Nichicon,电容,,5.6uF,,50VDC,±20%,
PCF1A470MCL6GS,Nichicon,电容,,47uF,,10VDC,±20%,
PCJ1C330MCL1GS,Nichicon,电容,,33uF,,16VDC,±20%,
PCG0J181MCL1GS,Nichicon,电容,,180uF,,6.3VDC,±20%,
PCV1D560MCL2GS,Nichicon,电容,,56uF,,20VDC,±20%,
PCX1E560MCS1GS,Nichicon,电容,,56uF,,25VDC,±20%,
PCJ1A391MCL1GS,Nichicon,电容,,390uF,,10VDC,±20%,
PCJ0E152MCL1GS,Nichicon,电容,,1500uF,,2.5VDC,±20%,
PCJ0E561MCL4GS,Nichicon,电容,,560uF,,2.5VDC,±20%,
PCG0E272MCL1GS,Nichicon,电容,,2700uF,,2.5VDC,±20%,
PCX1D560MCS1GS,Nichicon,电容,,56uF,,20VDC,±20%,
PCX1C820MCS1GS,Nichicon,电容,,82uF,,16VDC,±20%,
LAR2G181MELZ35,Nichicon,电容,,180uF,,400VDC,±20%,
B32529E6103K000,EPCOS / TDK,电容,,0.01uF,,400VDC,±10%,
B32672L7473J,EPCOS / TDK,电容,,0.047uF,,1.3kVDC,±5%,
B32652A2472J000,EPCOS / TDK,电容,,4700pF,,2kVDC,±5%,
6SEP82M+TSS,Panasonic,电容,,82uF,,6.3VDC,±20%,
25SEP22M+T,Panasonic,电容,,22uF,,25VDC,±20%,
P409CE104M275AH680,KEMET,电容,,0.1uF,,630VDC,±20%,
P409CE104M275AH470,KEMET,电容,,0.1uF,,630VDC,±20%,
B81141C1104M189,EPCOS / TDK,电容,,0.1uF,,1kVDC,±20%,
B32656S105J561,EPCOS / TDK,电容,,1uF,,1kVDC,±5%,
PEH169MA4220QB2,KEMET,电容,,2200uF,,63VDC,"- 10 %, + 30 %",
B25673A5162A720,EPCOS / TDK,电容,,64.3uFx3,,,"- 5 %, + 10 %",
B25673A5102A020,EPCOS / TDK,电容,,38.5uFx3,,,"- 5 %, + 10 %",
PCF0J101MCL4GB,Nichicon,电容,,100uF,,6.3VDC,±20%,
PCX1V270MCL1GS,Nichicon,电容,,27uF,,35VDC,±20%,
PCF1A271MCL4GS,Nichicon,电容,,270uF,,10VDC,±20%,
PCK0G561MCO1GS,Nichicon,电容,,560uF,,4VDC,±20%,
PCX1V270MCS1GS,Nichicon,电容,,27uF,,35VDC,±20%,
PCR1D151MCL1GS,Nichicon,电容,,150uF,,20VDC,±20%,
PCX1C151MCS1GS,Nichicon,电容,,150uF,,16VDC,±20%,
PCV2B8R2MCL1GS,Nichicon,电容,,8.2uF,,125VDC,±20%,
PCX1E121MCS1GS,Nichicon,电容,,120uF,,25VDC,±20%,
105HC4700K2UM8,Illinois Capacitor / CDE,电容,,1uF,,,±10%,
B32562J6684K000,EPCOS / TDK,电容,,0.68uF,,400VDC,±10%,
P278QS223M480A,KEMET,电容,,0.022uF,,-,±20%,
P410QM223M300AH101,KEMET,电容,,0.022uF,,630VDC,±20%,
LDEMG3330KA5N00,KEMET,电容,,0.33uF,,400VDC,±10%,
B32656S155K562,EPCOS / TDK,电容,,1.5uF,,,±10%,
PEH200PO5220MB2,KEMET,电容,,22000uF,,100VDC,±20%,
B25673A4282A080,EPCOS / TDK,电容,,129uFx3,,,"- 5 %, + 10 %",
B25673A2072A540,EPCOS / TDK,电容,,150.5uFx3,,,"- 5 %, + 10 %",
B25673A4202A810,EPCOS / TDK,电容,,128.2uFx3,,,"- 5 %, + 10 %",
PCF1A150MCL1GB,Nichicon,电容,,15uF,,10VDC,±20%,
PCK0E561MCO1GS,Nichicon,电容,,560uF,,2.5VDC,±20%,
PCJ0J271MCL1GS,Nichicon,电容,,270uF,,6.3VDC,±20%,
PCG0J151MCL1GS,Nichicon,电容,,150uF,,6.3VDC,±20%,
PCG1A181MCL1GS,Nichicon,电容,,180uF,,10VDC,±20%,
PCX1D680MCS1GS,Nichicon,电容,,68uF,,20VDC,±20%,
PCK0G102MCO1GS,Nichicon,电容,,1000uF,,4VDC,±20%,
PCV1E121MCL1GS,Nichicon,电容,,120uF,,25VDC,±20%,
PCX1V390MCS1GS,Nichicon,电容,,39uF,,35VDC,±20%,
PCX1E820MCL1GS,Nichicon,电容,,82uF,,25VDC,±20%,
104HC1102K2CM6,Illinois Capacitor / CDE,电容,,0.1uF,,,±10%,
504HC4700K2UM8,Illinois Capacitor / CDE,电容,,0.5uF,,,±10%,
635HC5700KR,Illinois Capacitor / CDE,电容,,6.3uF,,,±10%,
B32529D6104K189,EPCOS / TDK,电容,,0.1uF,,400VDC,±10%,
LDEEB2220JA0N00,KEMET,电容,,0.022uF,,100VDC,±5%,
16SEP180M+TSS,Panasonic,电容,,180uF,,16VDC,±20%,
P410EE104M300AH101,KEMET,电容,,0.1uF,,630VDC,±20%,
PCK0E391MCO1GS,Nichicon,电容,,390uF,,2.5VDC,±20%,
PCS1C820MCL9GS,Nichicon,电容,,82uF,,16VDC,±20%,
107TMA100M,Illinois Capacitor / CDE,电容,,100uF,,100VDC,,
PCX1E820MCS1GS,Nichicon,电容,,82uF,,25VDC,±20%,
LAR2G121MELZ30,Nichicon,电容,,120uF,,400VDC,±20%,
LAQ2P121MELZ25,Nichicon,电容,,120uF,,220VDC,±20%,
109LBB035M2EC,Illinois Capacitor / CDE,电容,,10000uF,,,,
108LBA200M2DG,Illinois Capacitor / CDE,电容,,1000uF,,,,
104LC3102KL505HM6,Illinois Capacitor / CDE,电容,,0.1uF,,,±10%,
104HC2102K2CM6,Illinois Capacitor / CDE,电容,,0.1uF,,,,
105HC3600K2EM8,Illinois Capacitor / CDE,电容,,1uF,,,±10%,
204HC3102K2EM8,Illinois Capacitor / CDE,电容,,0.2uF,,,±10%,
106HC5700KR,Illinois Capacitor / CDE,电容,,10uF,,,±10%,
B32922C3223K000,EPCOS / TDK,电容,,0.022uF,,630VDC,±10%,
B32521C1334K000,EPCOS / TDK,电容,,0.33uF,,100VDC,±10%,
P410CJ473M300AH101,KEMET,电容,,0.047uF,,630VDC,±20%,
PCF0E471MCL1GS,Nichicon,电容,,470uF,,2.5VDC,±20%,
PCX1H120MCL1GS,Nichicon,电容,,12uF,,50VDC,±20%,
PCX1H330MCL1GS,Nichicon,电容,,33uF,,50VDC,±20%,
LAK2D681MELC30,Nichicon,电容,,680uF,,200VDC,±20%,
305LC5750K5PM8,Illinois Capacitor / CDE,电容,,3uF,,,±10%,
B32672L104K,EPCOS / TDK,电容,,0.1uF,,1kVDC,±10%,
P278SJ473M480A,KEMET,电容,,0.047uF,,-,±20%,
PCF0J820MCL4GB,Nichicon,电容,,82uF,,6.3VDC,±20%,
PCX1C271MCS1GS,Nichicon,电容,,270uF,,16VDC,±20%,
LAR2W101MELZ30,Nichicon,电容,,100uF,,450VDC,±20%,
305HC5750KR,Illinois Capacitor / CDE,电容,,3uF,,,±10%,
B25673A4282E140,EPCOS / TDK,电容,,,,,,
DE1E3KX472MN4AN01F,Murata Electronics,电容,,4700pF,,,±20%,
105CKR050M,Illinois Capacitor / CDE,电容,,1uF,,50VDC,±20%,
106CKR063M,Illinois Capacitor / CDE,电容,,10uF,,63VDC,±20%,
106CKR050M,Illinois Capacitor / CDE,电容,,10uF,,50VDC,±20%,
107CKS025MEM,Illinois Capacitor / CDE,电容,,100uF,,25VDC,±20%,
105TTA050M,Illinois Capacitor / CDE,电容,,1uF,,50VDC,±20%,
106TTA050M,Illinois Capacitor / CDE,电容,,10uF,,50VDC,±20%,
PCV1J470MCL2GS,Nichicon,电容,,47uF,,63VDC,±20%,
OC1,Cornell Dubilier - CDE,电容,,,,,,
HHXA350ARA271MJA0G,United Chemi-Con,电容,,270uF,,35VDC,±20%,
DEA1X3D100JP2A,Murata Electronics,电容,,10pF,,2kVDC,±5%,
DEBB33D101KC1B,Murata Electronics,电容,,100pF,,2kVDC,±10%,
DE2E3KY472MB3BM02F,Murata Electronics,电容,,4700pF,,,±20%,
DE1E3KX102MN4AP01F,Murata Electronics,电容,,1000pF,,,±20%,
DEBB33D102KN2A,Murata Electronics,电容,,1000pF,,2kVDC,±10%,
DE2E3KY472MB3BU02F,Murata Electronics,电容,,4700pF,,,±20%,
PCV1H470MCL7GS,Nichicon,电容,,47uF,,50VDC,±20%,
HHXA500ARA101MJA0G,United Chemi-Con,电容,,100uF,,50VDC,±20%,
106TTA100M,Illinois Capacitor / CDE,电容,,10uF,,100VDC,±20%,
B81123C1472M289,EPCOS / TDK,电容,,4700pF,,3kVDC,±20%,
106TTA035M,Illinois Capacitor / CDE,电容,,10uF,,35VDC,±20%,
DEA1X3D220JC1B,Murata Electronics,电容,,22pF,,2kVDC,±5%,
107CKE100MLQ,Illinois Capacitor / CDE,电容,,100uF,,100VDC,±20%,
DE1E3KX472MA4BP01F,Murata Electronics,电容,,4700pF,,,±20%,
102MPW630K,Illinois Capacitor / CDE,电容,,1000pF,,630VDC,±10%,
108CKH050M,Illinois Capacitor / CDE,电容,,1000uF,,50VDC,±20%,
OB3,Cornell Dubilier - CDE,电容,,,,,,
108CKE050M,Illinois Capacitor / CDE,电容,,1000uF,,50VDC,±20%,
DE2F3KY103MN3AU02F,Murata Electronics,电容,,0.01uF,,,±20%,
104MSR400K,Illinois Capacitor / CDE,电容,,0.1uF,,400VDC,±10%,
106CKS400MLQ,Illinois Capacitor / CDE,电容,,10uF,,400VDC,±20%,
DEBB33D221KP2A,Murata Electronics,电容,,220pF,,2kVDC,±10%,
106CKS450MLU,Illinois Capacitor / CDE,电容,,10uF,,450VDC,±20%,
103MSR102K,Illinois Capacitor / CDE,电容,,0.01uF,,1kVDC,±10%,
106MMR100K,Illinois Capacitor / CDE,电容,,10uF,,100VDC,±10%,
PCR1V151MCL1GS,Nichicon,电容,,150uF,,35VDC,±20%,
DE1E3KX222MB4BP01F,Murata Electronics,电容,,2200pF,,,±20%,
107CKH050M,Illinois Capacitor / CDE,电容,,100uF,,50VDC,±20%,
107TTA160M,Illinois Capacitor / CDE,电容,,100uF,,160VDC,±20%,
105CKH050M,Illinois Capacitor / CDE,电容,,1uF,,50VDC,±20%,
168102J100A-F,Cornell Dubilier - CDE,电容,,1000pF,,100VDC,±5%,
B32924D3335K,EPCOS / TDK,电容,,3.3uF,,630VDC,±10%,
104MKP275KD,Illinois Capacitor / CDE,电容,,0.1uF,,,±10%,
106TTA063M,Illinois Capacitor / CDE,电容,,10uF,,63VDC,±20%,
104MPW630K,Illinois Capacitor / CDE,电容,,0.1uF,,630VDC,±10%,
OB4,Cornell Dubilier - CDE,电容,,,,,,
PCV1H680MCL2GS,Nichicon,电容,,68uF,,50VDC,±20%,
DE6E3KJ102MN3A,Murata Electronics,电容,,1000pF,,,±20%,
PCV1J470MCL1GS,Nichicon,电容,,47uF,,63VDC,±20%,
254M06QD150,Cornell Dubilier - CDE,电容,,0.25uF,,600VDC,±10%,
PCS1C121MCL1GS,Nichicon,电容,,120uF,,16VDC,±20%,
DEBF33D102ZC1B,Murata Electronics,电容,,1000pF,,2kVDC,±20%,
DEBE33D472ZA2B,Murata Electronics,电容,,4700pF,,2kVDC,±20%,
B32021A3472K289,EPCOS / TDK,电容,,4700pF,,1.5kVDC,±10%,
107KXM025M,Illinois Capacitor / CDE,电容,,100uF,,25VDC,±20%,
107TTA035M,Illinois Capacitor / CDE,电容,,100uF,,35VDC,±20%,
106TTA350M,Cornell Dubilier - CDE,电容,,10uF,,350VDC,±20%,
DEBB33D101KP2A,Murata Electronics,电容,,100pF,,2kVDC,±10%,
107CKH063M,Illinois Capacitor / CDE,电容,,100uF,,63VDC,±20%,
104MPR400K,Illinois Capacitor / CDE,电容,,0.1uF,,400VDC,±10%,
104MPW160K,Illinois Capacitor / CDE,电容,,0.1uF,,160VDC,±10%,
HHXA500ARA680MHA0G,United Chemi-Con,电容,,68uF,,50VDC,±20%,
B32921C3103M289,EPCOS / TDK,电容,,0.01uF,,630VDC,±20%,
HHXB630ARA560MJA0G,United Chemi-Con,电容,,56uF,,63VDC,±20%,
106TTA050MSD,Cornell Dubilier - CDE,电容,,10uF,,50VDC,±20%,
DEBB33D681KA2B,Murata Electronics,电容,,680pF,,2kVDC,±10%,
106RSS050M,Illinois Capacitor / CDE,电容,,10uF,,50VDC,±20%,
DEA1X3D680JA2B,Murata Electronics,电容,,68pF,,2kVDC,±5%,
B32022A3223M189,EPCOS / TDK,电容,,0.022uF,,1.5kVDC,±20%,
B32924C3684K,EPCOS / TDK,电容,,0.68uF,,630VDC,±10%,
25SEPF82M,Panasonic,电容,,82uF,,25VDC,±20%,
103MMR630K,Illinois Capacitor / CDE,电容,,0.01uF,,630VDC,±10%,
HHXA800ARA390MJA0G,United Chemi-Con,电容,,39uF,,80VDC,±20%,
B32521C3104K,EPCOS / TDK,电容,,0.1uF,,250VDC,±10%,
108CKR025M,Illinois Capacitor / CDE,电容,,1000uF,,25VDC,±20%,
106CKH250M,Illinois Capacitor / CDE,电容,,10uF,,250VDC,±20%,
105MSR250K,Illinois Capacitor / CDE,电容,,1uF,,250VDC,±10%,
106TTA035MSD,Cornell Dubilier - CDE,电容,,10uF,,35VDC,±20%,
104MSR100K,Illinois Capacitor / CDE,电容,,0.1uF,,100VDC,±10%,
168223J100A-F,Cornell Dubilier - CDE,电容,,0.022uF,,100VDC,±5%,
PCJ1C101MCL1GS,Nichicon,电容,,100uF,,16VDC,±20%,
B32529C1103K,EPCOS / TDK,电容,,0.01uF,,100VDC,±10%,
DEA1X3D101JN2A,Murata Electronics,电容,,100pF,,2kVDC,±5%,
DEBE33F102ZP3A,Murata Electronics,电容,,1000pF,,3.15kVDC,±20%,
DEA1X3F101JA3B,Murata Electronics,电容,,100pF,,3.15kVDC,±5%,
DEA1X3D221JA2B,Murata Electronics,电容,,220pF,,2kVDC,±5%,
B32652A103K,EPCOS / TDK,电容,,0.01uF,,1kVDC,±10%,
107RSS035M,Illinois Capacitor / CDE,电容,,100uF,,35VDC,±20%,
HMJ107AB7222KAHT,Taiyo Yuden,电容,,2200pF,,100VDC,±10%,
105TTA100M,Cornell Dubilier - CDE,电容,,1uF,,100VDC,±20%,
105MKP275K,Illinois Capacitor / CDE,电容,,1uF,,,±10%,
103MSR630K,Illinois Capacitor / CDE,电容,,0.01uF,,630VDC,±10%,
104MMR630K,Illinois Capacitor / CDE,电容,,0.1uF,,630VDC,±10%,
109TTA010M,Illinois Capacitor / CDE,电容,,10000uF,,10VDC,±20%,
108TTA100M,Illinois Capacitor / CDE,电容,,1000uF,,100VDC,±20%,
DEA1X3F820JA3B,Murata Electronics,电容,,82pF,,3.15kVDC,±5%,
DEBB33D332KA3B,Murata Electronics,电容,,3300pF,,2kVDC,±10%,
104MSR630K,Illinois Capacitor / CDE,电容,,0.1uF,,630VDC,±10%,
HHXA500ARA220MF61G,United Chemi-Con,电容,,22uF,,50VDC,±20%,
108KXM025M,Illinois Capacitor / CDE,电容,,1000uF,,25VDC,±20%,
PCF0J221MCL1GS,Nichicon,电容,,220uF,,6.3VDC,±20%,
PCF1A470MCL1GS,Nichicon,电容,,47uF,,10VDC,±20%,
DEA1X3D330JC1B,Murata Electronics,电容,,33pF,,2kVDC,±5%,
DEA1X3D151JA2B,Murata Electronics,电容,,150pF,,2kVDC,±5%,
168333J100C-F,Cornell Dubilier - CDE,电容,,0.033uF,,100VDC,±5%,
DEA1X3D150JC1B,Murata Electronics,电容,,15pF,,2kVDC,±5%,
DE1E3KX472MJ4BN01F,Murata Electronics,电容,,4700pF,,,,
6SEP470M,Panasonic,电容,,470uF,,6.3VDC,±20%,
108CKS6R3M,Illinois Capacitor / CDE,电容,,1000uF,,6.3VDC,±20%,
DE1E3KX102MB4BP01F,Murata Electronics,电容,,1000pF,,,±20%,
B32652A6154K,EPCOS / TDK,电容,,0.15uF,,630VDC,±10%,
HHXC250ARA101MF80G,United Chemi-Con,电容,,100uF,,25VDC,±20%,
105MPW160K,Illinois Capacitor / CDE,电容,,1uF,,160VDC,±10%,
105K400CS6,Cornell Dubilier - CDE,电容,,1uF,,400VDC,±10%,
DEA1X3D270JC1B,Murata Electronics,电容,,27pF,,2kVDC,±5%,
DEA1X3F680JA3B,Murata Electronics,电容,,68pF,,3.15kVDC,±5%,
DE1E3KX152MA4BP01F,Murata Electronics,电容,,1500pF,,,±20%,
DEA1X3F470JC3B,Murata Electronics,电容,,47pF,,3.15kVDC,±5%,
DEBB33F681KA3B,Murata Electronics,电容,,680pF,,3.15kVDC,±10%,
106CKS200M,Illinois Capacitor / CDE,电容,,10uF,,200VDC,±20%,
104MMR250K,Illinois Capacitor / CDE,电容,,0.1uF,,250VDC,±10%,
167104J63A-F,Cornell Dubilier - CDE,电容,,0.1uF,,63VDC,±5%,
HHXC250ARA331MJA0G,United Chemi-Con,电容,,330uF,,25VDC,±20%,
PCK0J331MCO1GS,Nichicon,电容,,330uF,,6.3VDC,±20%,
PCG0J102MCL1GS,Nichicon,电容,,1000uF,,6.3VDC,±20%,
CS45-E2GA102M-VKA,TDK,电容,,1000pF,,,±20%,
DEBE33F222ZN3A,Murata Electronics,电容,,2200pF,,3.15kVDC,±20%,
DEBE33D103ZN7A,Murata Electronics,电容,,0.01uF,,2kVDC,±20%,
B32922D3334K289,EPCOS / TDK,电容,,0.33uF,,630VDC,±10%,
B32671P6104K000,EPCOS / TDK,电容,,0.1uF,,630VDC,±10%,
103MKP275K,Illinois Capacitor / CDE,电容,,0.01uF,,,±10%,
106TTA160M,Illinois Capacitor / CDE,电容,,10uF,,160VDC,±20%,
DE2E3KY332MA2BM01F,Murata Electronics,电容,,3300pF,,,±20%,
LDEDB3100KA0N00,KEMET,电容,,0.1uF,,63VDC,±10%,
104MPW400K,Illinois Capacitor / CDE,电容,,0.1uF,,400VDC,±10%,
168104K100H-F,Cornell Dubilier - CDE,电容,,0.1uF,,100VDC,±10%,
PCG0J182MCL1GS,Nichicon,电容,,1800uF,,6.3VDC,±20%,
105MWR400K,Illinois Capacitor / CDE,电容,,1uF,,400VDC,±10%,
105MABA02KHS,Illinois Capacitor / CDE,电容,,1uF,,600VDC,±10%,
GCM1555C1H270FA16D,Murata Electronics,电容,,27pF,,50VDC,±1%,
DEA1X3D331JA3B,Murata Electronics,电容,,330pF,,2kVDC,±5%,
LDEPE2220KA5N00,KEMET,电容,,0.022uF,,630VDC,±10%,
107KXM063M,Illinois Capacitor / CDE,电容,,100uF,,63VDC,±20%,
108SAK035M,Illinois Capacitor / CDE,电容,,1000uF,,35VDC,,
PCV1H330MCL1GS,Nichicon,电容,,33uF,,50VDC,±20%,
DE2E3KY472MB2BM01F,Murata Electronics,电容,,4700pF,,,±20%,
DEBB33F152KA3B,Murata Electronics,电容,,1500pF,,3.15kVDC,±10%,
B32652A6334J,EPCOS / TDK,电容,,0.33uF,,630VDC,±5%,
103MMR400K,Illinois Capacitor / CDE,电容,,0.01uF,,400VDC,±10%,
104MMR400K,Illinois Capacitor / CDE,电容,,0.1uF,,400VDC,±10%,
103MPW400K,Illinois Capacitor / CDE,电容,,0.01uF,,400VDC,±10%,
PCJ0J221MCL1GS,Nichicon,电容,,220uF,,6.3VDC,±20%,
106PHC600K,Illinois Capacitor / CDE,电容,,10uF,,600VDC,±10%,
DEA1X3F180JCDB,Murata Electronics,电容,,18pF,,3.15kVDC,±5%,
B32922C3684K189,EPCOS / TDK,电容,,0.68uF,,630VDC,±10%,
104MPR250K,Illinois Capacitor / CDE,电容,,0.1uF,,250VDC,±10%,
255MABA03KHS,Cornell Dubilier - CDE,电容,,2.5uF,,,,
305PHC600K,Illinois Capacitor / CDE,电容,,3uF,,600VDC,±10%,
DEBB33F471KP3A,Murata Electronics,电容,,470pF,,3.15kVDC,±10%,
DEA1X3D561JA3B,Murata Electronics,电容,,560pF,,2kVDC,±5%,
DEA1X3F150JCDB,Murata Electronics,电容,,15pF,,3.15kVDC,±5%,
DEA1X3D220JD1B,Murata Electronics,电容,,22pF,,2kVDC,±5%,
DEA1X3D180JC1B,Murata Electronics,电容,,18pF,,2kVDC,±5%,
DEBB33D102KB2B,Murata Electronics,电容,,1000pF,,2kVDC,±10%,
DEA1X3F121JA3B,Murata Electronics,电容,,120pF,,3.15kVDC,±5%,
B32671P4334K000,EPCOS / TDK,电容,,0.33uF,,450VDC,±10%,
LDEED3330KA5N00,KEMET,电容,,0.33uF,,100VDC,±10%,
B25620C1427A101,EPCOS / TDK,电容,,420uF,,1.1kVDC,,
108TTA080M,Cornell Dubilier - CDE,电容,,1000uF,,80VDC,±20%,
108LBB250M2DG,Illinois Capacitor / CDE,电容,,1000uF,,,,
DEA1X3F220JDDB,Murata Electronics,电容,,22pF,,3.15kVDC,±5%,
DEBB33D151KC1B,Murata Electronics,电容,,150pF,,2kVDC,±10%,
DEA1X3F330JC3B,Murata Electronics,电容,,33pF,,3.15kVDC,±5%,
B25631A1506K200,EPCOS / TDK,电容,,50uF,,1.2kVDC,±10%,
168152J100A-F,Cornell Dubilier - CDE,电容,,1500pF,,100VDC,±5%,
PCV1H680MCL1GS,Nichicon,电容,,68uF,,50VDC,±20%,
506PHC250K,Illinois Capacitor / CDE,电容,,50uF,,250VDC,±10%,
GRJ188R71H102KE11D,Murata Electronics,电容,,1000pF,,50VDC,±10%,
B32529C1473K289,EPCOS / TDK,电容,,0.047uF,,100VDC,±10%,
DEA1X3D390JC1B,Murata Electronics,电容,,39pF,,2kVDC,±5%,
DEA1X3F390JC3B,Murata Electronics,电容,,39pF,,3.15kVDC,±5%,
DE1E3KX222MJ4BN01F,Murata Electronics,电容,,,,,,
DEA1X3D181JA2B,Murata Electronics,电容,,180pF,,2kVDC,±5%,
DEA1X3F181JA3B,Murata Electronics,电容,,180pF,,3.15kVDC,±5%,
DE1E3KX152MN4AP01F,Murata Electronics,电容,,1500pF,,,±20%,
DE6E3KJ332MN3A,Murata Electronics,电容,,3300pF,,,±20%,
PCF1C390MCL1GS,Nichicon,电容,,39uF,,16VDC,±20%,
PCF1C220MCL1GS,Nichicon,电容,,22uF,,16VDC,±20%,
105MPW250K,Illinois Capacitor / CDE,电容,,1uF,,250VDC,±10%,
PCX1C221MCL1GS,Nichicon,电容,,220uF,,16VDC,±20%,
PCV1D221MCL7GS,Nichicon,电容,,220uF,,20VDC,±20%,
103PPA302K,Illinois Capacitor / CDE,电容,,0.01uF,,3kVDC,±10%,
LAR2E681MELC25,Nichicon,电容,,680uF,,250VDC,±20%,
NLW2-100,Cornell Dubilier - CDE,电容,,2uF,,100VDC,"- 10 %, + 75 %",
205PPA152KS,Illinois Capacitor / CDE,电容,,2uF,,,,
DEA1X3F560JC3B,Murata Electronics,电容,,56pF,,3.15kVDC,±5%,
DE6B3KJ221KN3A,Murata Electronics,电容,,220pF,,,±10%,
B32652A6683J,EPCOS / TDK,电容,,0.068uF,,630VDC,±5%,
106BPS035M,Illinois Capacitor / CDE,电容,,10uF,,35VDC,±20%,
108CKS010M,Illinois Capacitor / CDE,电容,,1000uF,,10VDC,±20%,
106CKE200M,Illinois Capacitor / CDE,电容,,10uF,,200VDC,±20%,
HHXC250ARA330ME61G,United Chemi-Con,电容,,33uF,,25VDC,±20%,
108RSS035M,Illinois Capacitor / CDE,电容,,1000uF,,35VDC,±20%,
105MMR100K,Illinois Capacitor / CDE,电容,,1uF,,100VDC,±10%,
PCF1C181MCL1GS,Nichicon,电容,,180uF,,16VDC,±20%,
PCR1E221MCL1GS,Nichicon,电容,,220uF,,25VDC,±20%,
DEBB33F151KCDB,Murata Electronics,电容,,150pF,,3.15kVDC,±10%,
DEBE33F472ZB3B,Murata Electronics,电容,,4700pF,,3.15kVDC,±20%,
103MKP275KE,Illinois Capacitor / CDE,电容,,0.01uF,,,±10%,
105MSR100K,Illinois Capacitor / CDE,电容,,1uF,,100VDC,±10%,
108RZM050M,Illinois Capacitor / CDE,电容,,1000uF,,50VDC,±20%,
505PHC400K,Illinois Capacitor / CDE,电容,,5uF,,400VDC,±10%,
NLW10-50,Cornell Dubilier - CDE,电容,,10uF,,50VDC,"- 10 %, + 75 %",
103MWS103KT,Illinois Capacitor / CDE,电容,,0.01uF,,,,
206K050CS4G,Cornell Dubilier - CDE,电容,,20uF,,50VDC,±10%,
B32529C1102M289,EPCOS / TDK,电容,,1000pF,,100VDC,±20%,
DEA1X3D391JA3B,Murata Electronics,电容,,390pF,,2kVDC,±5%,
B32671P5154K000,EPCOS / TDK,电容,,0.15uF,,520VDC,±10%,
LDEMG3220KA5N00,KEMET,电容,,0.22uF,,400VDC,±10%,
LDEIG3820KA0N00,KEMET,电容,,0.82uF,,250VDC,±10%,
168104K63A-F,Cornell Dubilier - CDE,电容,,0.1uF,,63VDC,±10%,
PCV2B6R8MCL1GS,Nichicon,电容,,6.8uF,,125VDC,±20%,
DE1E3KX102MJ4BN01F,Murata Electronics,电容,,,,,,
DEBE33D102ZN2A,Murata Electronics,电容,,1000pF,,2kVDC,±20%,
DE6B3KJ471KA3B,Murata Electronics,电容,,470pF,,,±10%,
B32652A223J189,EPCOS / TDK,电容,,0.022uF,,2kVDC,±5%,
167103J400A-F,Cornell Dubilier - CDE,电容,,0.01uF,,400VDC,±5%,
105MSR400K,Illinois Capacitor / CDE,电容,,1uF,,400VDC,±10%,
105MPR400K,Illinois Capacitor / CDE,电容,,1uF,,400VDC,±10%,
107CKS350M,Illinois Capacitor / CDE,电容,,100uF,,350VDC,±20%,
B32656S0105K563,EPCOS / TDK,电容,,1uF,,1kVDC,±10%,
NLW100-25,Cornell Dubilier - CDE,电容,,100uF,,25VDC,"- 10 %, + 75 %",
DE1E3KX152MB4BP01F,Murata Electronics,电容,,1500pF,,,±20%,
PCV1C471MCL1GS,Nichicon,电容,,470uF,,16VDC,±20%,
DEA1X3D120JC1B,Murata Electronics,电容,,12pF,,2kVDC,±5%,
DEA1X3F100JP3A,Murata Electronics,电容,,10pF,,3.15kVDC,±5%,
B32921C3223K289,EPCOS / TDK,电容,,0.022uF,,630VDC,±10%,
16SEF180M,Panasonic,电容,,180uF,,16VDC,±20%,
LDBAA2220GC5N0,KEMET,电容,,0.022uF,,16VDC,±2%,
LDEPD1100KA5N00,KEMET,电容,,1000pF,,630VDC,±10%,
LDEIE3220KA0N00,KEMET,电容,,0.22uF,,250VDC,±10%,
LDEDF4330KA0N00,KEMET,电容,,3.3uF,,63VDC,±10%,
168223K100A-F,Cornell Dubilier - CDE,电容,,0.022uF,,100VDC,±10%,
PCX1C101MCL1GS,Nichicon,电容,,100uF,,16VDC,±20%,
PCK0G471MCO1GS,Nichicon,电容,,470uF,,4VDC,±20%,
PCG1A820MCL1GS,Nichicon,电容,,82uF,,10VDC,±20%,
LAQ2G680MELZ25,Nichicon,电容,,68uF,,400VDC,±20%,
DE6E3KJ222MA3B,Murata Electronics,电容,,2200pF,,,±20%,
LDEIA1100KA0N00,KEMET,电容,,1000pF,,250VDC,±10%,
LDEME2680KA5N00,KEMET,电容,,0.068uF,,400VDC,±10%,
P409EL474M275AH151,KEMET,电容,,0.47uF,,630VDC,±20%,
167473J100A-F,Cornell Dubilier - CDE,电容,,0.047uF,,100VDC,±5%,
167332J630A-F,Cornell Dubilier - CDE,电容,,3300pF,,630VDC,±5%,
DEA1X3F120JCDB,Murata Electronics,电容,,12pF,,3.15kVDC,±5%,
DEA1X3F470JP3A,Murata Electronics,电容,,47pF,,3.15kVDC,±5%,
DEBB33D152KN2A,Murata Electronics,电容,,1500pF,,2kVDC,±10%,
B32924D3335M000,EPCOS / TDK,电容,,3.3uF,,630VDC,±20%,
107CKE400M,Illinois Capacitor / CDE,电容,,100uF,,400VDC,±20%,
LAR2W101MELA25,Nichicon,电容,,100uF,,450VDC,±20%,
DEBB33F471KD3B,Murata Electronics,电容,,470pF,,3.15kVDC,±10%,
DEBB33D472KB3B,Murata Electronics,电容,,4700pF,,2kVDC,±10%,
LDEIC2220KA0N00,KEMET,电容,,0.022uF,,250VDC,±10%,
DEA1X3F150JP3A,Murata Electronics,电容,,15pF,,3.15kVDC,±5%,
DEA1X3F391JA3B,Murata Electronics,电容,,390pF,,3.15kVDC,±5%,
P409EL474M275AH101,KEMET,电容,,0.47uF,,630VDC,±20%,
LDEEG4330KA0N00,KEMET,电容,,3.3uF,,100VDC,±10%,
DEBB33D101KD1B,Murata Electronics,电容,,100pF,,2kVDC,±10%,
DEBF33D102ZD1B,Murata Electronics,电容,,1000pF,,2kVDC,±20%,
DEA1X3F330JP3A,Murata Electronics,电容,,33pF,,3.15kVDC,±5%,
DEA1X3F101JB3B,Murata Electronics,电容,,100pF,,3.15kVDC,±5%,
LDEDA2330KA0N00,KEMET,电容,,0.033uF,,63VDC,±10%,
LDECC2680KA5N00,KEMET,电容,,0.068uF,,50VDC,±10%,
LDEMD2220KA5N00,KEMET,电容,,0.022uF,,400VDC,±10%,
P410CP683M300AH101,KEMET,电容,,0.068uF,,630VDC,±20%,
P409EJ224M275AH331,KEMET,电容,,0.22uF,,630VDC,±20%,
107SAK035M,Illinois Capacitor / CDE,电容,,100uF,,35VDC,,
LAK2D470MELZ20,Nichicon,电容,,47uF,,200VDC,±20%,
107LBA400M2BD,Cornell Dubilier - CDE,电容,,100uF,,,,
MP3X2-.15/275/20P22,WIMA,电容,,0.15uF,,,±20%,
OTBH105KNPIR-F,Cornell Dubilier - CDE,电容,,1uF,,1.5kVDC,±10%,
101X663U040DF2B,Cornell Dubilier - CDE,电容,,66000uF,,,,
