安规电容,DE1E3KX102MA4BN01F,"1000pF（102）±20% 250V X1,Y1 袋装",封装/规格: 插件
安规电容,MP2104KGD2RLC,X2安规电容104K 275V 袋装,封装/规格: 18*6*12/P=15
安规电容,DE1E3KX472MA4BN01F,"4700pF（472）±20% 250V X1,Y1 袋装",封装/规格: 插件P=10mm
安规电容,MP1104KRC3RLC,X1安规电容100nF 300V 袋装,封装/规格: 13.0*6*12/P=10
安规电容,DE2E3KY472MA2BM01F,"4700pF（472）±20% 250V X1,Y2 袋装",封装/规格: 插件
安规电容,DE1E3KX102MA4BP01F,"1000pF(102) ±20% 300V X1,Y1 袋装",封装/规格: 插件P=10mm
安规电容,DE2E3KY472MN2AM01F,"4700pF（472）±20% 250V X1,Y2 编带",封装/规格: 插件
安规电容,MEX103K275VACA01,275VAC/X2 0.01uF 袋装,封装/规格: 插件P=10mm
安规电容,MEX224K275A233,275VAC/X2 0.22uF 袋装,封装/规格: 直插 脚距15mm
安规电容,MP2104KVC3RLC,X2安规电容100nF ±10% 320V 袋装,封装/规格: 13*6*12/P=10
安规电容,MEX334K275A04,275VAC/X2 0.33uF 袋装,封装/规格: 直插 脚距 15mm
安规电容,MEX104K275A01,275VAC/X2  0.1uF 袋装,封装/规格: 直插
安规电容,MP2104KVC2RLC,X2安规电容 100nF ±10% 320V 袋装,封装/规格: 13.0*5*11/P=10
安规电容,MP2104KGD2XLC,X2安规电容 100nF ±10% 275V 袋装,封装/规格: 18.0*6*12/P=15
安规电容,MEX474K275A09,275VAC/X2 0.47uF 袋装,封装/规格: 直插 15mm
安规电容,MP1104KTC3RLC,X1安规电容 100nF ±10% 440V 袋装,封装/规格: 13.0*6*12/P=10
安规电容,MP2154KVC3RLC,X2安规电容 150nF ±10% 320V 袋装,封装/规格: 13.0*6*12/P=10
安规电容,MEX224K300A02,300VAC/X1 0.22uF 袋装,封装/规格: 直插
安规电容,MP2224KVC3RLC,X2安规电容 220nF ±10% 320V 袋装,封装/规格: 13.0*6*12/P=10
安规电容,MEX473K275A01,275VAC/X2 0.047uF 袋装,封装/规格: 直插P=15mm
安规电容,DE2F3KY103MN3AM02F,"10000pF（103）±20% 250V X1,Y2 编带",封装/规格: 插件
安规电容,MP2104KGC3RLC,X2安规电容100nF 275V 袋装,封装/规格: 13*6*12/P=10
安规电容,MP2224KGC3XLC,X2安规电容 220nF ±10% 275V 袋装,封装/规格: 13.0*6*12/P=10
安规电容,MEX223K275VACA01,275VAC/X2 0.022uF 袋装,封装/规格: 直插
安规电容,B32529C3103K289,MKT 10nF ±10% 250V 袋装,封装/规格: 插件
安规电容,B32529C0224J289,MKT 220nF ±5% 63V 袋装,封装/规格: 插件
安规电容,B32529C1103J289,MKT 10nF ±5% 100V 袋装,封装/规格: 插件
安规电容,B32529C1102J289,MKT 1nF ±5% 100V 袋装,封装/规格: 插件
安规电容,B32529C1472J289,MKT 4.7nF ±5% 100V 袋装,封装/规格: 插件
安规电容,B32529C0104J189,MKT 100nF ±5% 63V 袋装,封装/规格: 插件
安规电容,B32529C0152K189,MKT 1.5nF ±10% 63V 袋装,封装/规格: 插件
安规电容,MP1104KTD2RLC,X1安规电容100nF 440V 袋装,封装/规格: 18*6*12/P=15
安规电容,MP2104KGB2RLC,X2安规电容 100nF ±10% 275V 袋装,封装/规格: 10.5*5*11/P=7.5
安规电容,MEX105K275VAC,安规电容X2  1uF(105)  275VAC 袋装,封装/规格: 插件P=22.5mm
安规电容,B32529C0474J289,MKT 470nF ±5% 63V 袋装,封装/规格: 插件
安规电容,MP1473KRC2RLC,X1安规电容 47nF ±10% 300V 袋装,封装/规格: 13.0*5*11/P=10
安规电容,MP2222KGC2RLC,X2安规电容 2.2nF ±10% 275V 袋装,封装/规格: 13.0*5*11/P=10
安规电容,B32529C0222J000,MKT 2.2nF ±5% 63V 袋装,封装/规格: 插件
安规电容,MP2473KGC3RLC,X2安规电容 47nF ±10% 275V 袋装,封装/规格: 13.0*6*12/P=10
安规电容,MP2224KVD2RLC,X2安规电容224K 320V 袋装,封装/规格: 18*6*12/P=15
安规电容,MP1103KTC2RLC,X1安规电容 10nF ±10% 440V 袋装,封装/规格: 13.0*5*11/P=10
安规电容,B32529C0105J289,MKT 1uF ±5% 63V 袋装,封装/规格: 插件
安规电容,MP2474KGD4RLC,X2安规电容474K 275V 袋装,封装/规格: 18*8.4*14.5/P=15
安规电容,MP1103KRC2RLC,X1安规电容 10nF ±10% 300V 袋装,封装/规格: 13.0*5*11/P=10
安规电容,MEY222K275A01,275VAC/Y2 2200pF 袋装,封装/规格: 直插 P=10mm
安规电容,MP2334KVD4RLC,X2安规电容 330nF ±10% 320V 袋装,封装/规格: 18.0*8.4*14.5/P=15
安规电容,MP2473KGC2RLC,X2安规电容 47nF ±10% 275V 袋装,封装/规格: 13.0*5*11/P=10
安规电容,B32652A0223J189,MKP 22nF ±5% 250V 袋装,封装/规格: 插件
安规电容,B32921C3473M189,X2 47nF ±20% 305V 袋装,封装/规格: 插件
安规电容,MP1683KTC3RLC,X1安规电容 68nF ±10% 440V 袋装,封装/规格: 13.0*6*12/P=10
安规电容,B32560J1474K000,MKT 470nF ±10% 100V 袋装,封装/规格: 插件
安规电容,MP2224KGD4RLC,X2安规电容 220nF ±10% 275V 袋装,封装/规格: 18.0*8.4*14.5/P=15
安规电容,MP1224KRD4RLC,X1安规电容 220nF ±10% 300V 袋装,封装/规格: 18.0*8.4*14.5/P=15
安规电容,MP1472KRC2RLC,X1安规电容 4.7nF ±10% 300V 袋装,封装/规格: 13.0*5*11/P=10
安规电容,MEY272K275A01,275VAC/Y2 2700pF 袋装,封装/规格: 直插
安规电容,B32922C3154K189,X2 150nF ±10% 305V 袋装,封装/规格: 插件
安规电容,B32921C3683K189,X2 68nF ±10% 305V 袋装,封装/规格: 插件
安规电容,MP2474KVD4RLC,X2安规电容470nF ±10% 320V 袋装,封装/规格: 18*8.4*14.5/P=15
安规电容,SC08B102K302YBL,安规电容1nF  ±10% 编带,封装/规格: 1808
安规电容,MP2104KGD1RLC,X2安规电容 100nF ±10% 275V 袋装,封装/规格: 18.0*5*11/P=15
安规电容,B32652A6223K000,MKP 22nF ±10% 250V 袋装,封装/规格: 插件
安规电容,B32671L4104J000,MKP 100nF ±5% 400Vdc 袋装,封装/规格: 插件
安规电容,B32672L1123J000,MKP 12nF ±5% 600V 袋装,封装/规格: 插件
安规电容,B32672L8102J003,MKP 1nF ±5% 700V 袋装,封装/规格: 插件
安规电容,B32672L8152J003,MKP 1.5nF ±5% 700V 袋装,封装/规格: 插件
安规电容,B32921C3683K000,X2 68nF ±10% 305V 袋装,封装/规格: 插件
安规电容,B32922C3473M000,X2 47nF ±20% 305V 袋装,封装/规格: 插件
安规电容,B32932A3104K030,X2 100nF 10% 305V 袋装,封装/规格: 插件
安规电容,MP1154KRD2RLC,X1安规电容 150nF ±10% 300V 袋装,封装/规格: 18.0*6*12/P=15
安规电容,MP1683KTCARLC,X1安规电容 68nF ±10% 440V 袋装,封装/规格: 13.0*7.8*13.8/P=10
安规电容,MP2184KGC3RLC,X2安规电容 180nF ±10% 275V 袋装,封装/规格: 13.0*6*12/P=10
安规电容,MP2184KGCARLC,X2安规电容 180nF ±10% 275V 袋装,封装/规格: 13.0*7.8*13.8/P=10
安规电容,MP2184KGD2RLC,X2安规电容 180nF ±10% 275V 袋装,封装/规格: 18.0*6*12/P=15
安规电容,MP2563KGD1RLC,X2安规电容 56nF ±10% 275V 袋装,封装/规格: 18.0*5*11/P=15
安规电容,MP2683KGC3RLC,X2安规电容 68nF ±10% 275V 袋装,封装/规格: 13.0*6*12/P=10
安规电容,MP2683KVC3RLC,X2安规电容 68nF ±10% 320V 袋装,封装/规格: 13.0*6*12/P=10
安规电容,MP2823K3D2RLC,X2安规电容 82nF ±10% 275V 袋装,封装/规格: 18.0*6*12/P=15
安规电容,B32021A3102M289,MKP Y2安规电容 1nF ±20% 300V 袋装,封装/规格: 插件
安规电容,B32021A3472K000,MKP Y2安规电容 4.7nF ±10% 300V 袋装,封装/规格: 插件
安规电容,B32921C3103M289,X2 10nF ±20% 305V 袋装,封装/规格: 插件
安规电容,B32529D1105J000,MKT 1uF ±5% 100V 袋装,封装/规格: 插件
安规电容,B32021A3332M000,MKP Y2安规电容 3.3nF ±20% 300V 袋装,封装/规格: 插件
安规电容,MP2334KGD2RLC,X2安规电容 330nF ±10% 275V 袋装,封装/规格: 18.0*6*12/P=15
安规电容,MP2154KGD3RLC,X2安规电容 150nF ±10% 275V 袋装,封装/规格: 18.0*7.5*13.5/P=15
安规电容,MP2683KGD1RLC,X2安规电容 68nF ±10% 275V 袋装,封装/规格: 18.0*5*11/P=15
安规电容,MP2823KGC3RLC,X2安规电容 82nF ±10% 275V 袋装,封装/规格: 13.0*6*12/P=10
安规电容,MP2104KVD2RLC,X2安规电容100nF ±10% 320V 袋装,封装/规格: 18*6*12/P=15
安规电容,MP1124KTD3RLC,X1安规电容 120nF ±10% 440V 袋装,封装/规格: 18.0*7.5*13.5/P=15
安规电容,MP1154KRC3RLC,X1安规电容 150nF ±10% 300V 袋装,封装/规格: 13.0*6*12/P=10
安规电容,B32652A6104K000,MKP X1安规电容 100nF ±10% 630VDC 袋装,封装/规格: 插件7*12.5*18/P=15mm
安规电容,MP1224KTCARLC,X1安规电容 220nF ±10% 440V 袋装,封装/规格: 13.0*7.8*13.8/P=10
安规电容,MP1154KTC3RLC,X1安规电容 150nF ±10% 440V 袋装,封装/规格: 13.0*6*12/P=10
安规电容,MP1683KRC2RLC,X1安规电容 68nF ±10% 300V 袋装,封装/规格: 13.0*5*11/P=10
安规电容,MP2563KGC3RLC,X2安规电容 56nF ±10% 275V 袋装,封装/规格: 13.0*6*12/P=10
安规电容,MP2105KGD8RLC,X2安规电容 1uF ±10% 275V 袋装,封装/规格: 18.0*11.2*19.2/P=15
安规电容,B32022A3223M000,MKP Y2安规电容 0.022uF ±20% 1500VDC 袋装,封装/规格: 插件6*12*18/P=15mm
安规电容,MP2823KGD1RLC,X2安规电容 82nF ±10% 275V 袋装,封装/规格: 18.0*5*11/P=15
安规电容,MP2823KGD2RLC,X2安规电容 82nF ±10% 275V 袋装,封装/规格: 18.0*6*12/P=15
安规电容,MP2105KGE4XLC,X2安规电容 1uF ±10% 275V 袋装,封装/规格: 26.3*10*19/P=22.5
安规电容,MP1683KRC3RLC,X1安规电容 68nF ±10% 300V 袋装,封装/规格: 13.0*6*12/P=10
安规电容,MP2154KGC3RLC,X2安规电容 150nF ±10% 275V 袋装,封装/规格: 13.0*6*12/P=10
安规电容,MP1473KTD3RLC,X1安规电容 47nF ±10% 440V 袋装,封装/规格: 18.0*7.5*13.5/P=15
安规电容,MP2683KGC2RLC,X2安规电容 68nF ±10% 275V 袋装,封装/规格: 13.0*5*11/P=10
安规电容,MEX274K300A02,300VAC/X1 0.27uF 袋装,封装/规格: 插件
安规电容,MP2104KGC2XLC,X2安规电容 100nF ±10% 275V 袋装,封装/规格: 13.0*5*11/P=10
安规电容,MP2223KGD1RLC,X2安规电容 22nF ±10% 275V 袋装,封装/规格: 18.0*5*11/P=15
安规电容,B32922C3224K189,X2 220nF ±10% 305V 袋装,封装/规格: 插件
安规电容,MP2334KVD2RLC,X2安规电容 330nF ±10% 320V 袋装,封装/规格: 18.0*6*12/P=15
安规电容,B32652A2222J000,MKP X1安规电容 2200pF ±5% 2KVDC 袋装,封装/规格: 插件7*12.5*18/P=15mm
安规电容,B81123C1102M000,1nF ±20% Y1 编带,封装/规格: 插件5.0*10.5*18.0
安规电容,MP1333KRC2RLC,X1安规电容 33nF ±10% 300V 袋装,封装/规格: 13.0*5*11/P=10
安规电容,B32652A6104J289,MKP 100nF ±5% 250V 袋装,封装/规格: 插件
安规电容,B32021A3682K289,MKP Y2安规电容 6.8nF ±10% 300V 袋装,封装/规格: 插件
安规电容,B32921C3103K000,MKP X2安规电容 10nF ±10% 305VAC 袋装,封装/规格: 插件4*9*13/P=10mm
安规电容,MP1224KRC3RLC,X1安规电容 220nF ±10% 300V 袋装,封装/规格: 13.0*6*12/P=10
安规电容,MP2103KGC2RLC,X2安规电容 10nF ±10% 275V 袋装,封装/规格: 13.0*5*11/P=10
安规电容,MP1473KTC3RLC,X1安规电容 47nF ±10% 440V 袋装,封装/规格: 13.0*6*12/P=10
安规电容,MP2334KVCARLC,X2安规电容334K 320V 袋装,封装/规格: 13*7.8*13.8/P=10
安规电容,MP2154KGC3XLC,X2安规电容 150nF ±10% 275V 袋装,封装/规格: 13.0*6*12/P=10
安规电容,B32652A7223J189,MKP 22nF ±5% 500V 袋装,封装/规格: 插件
安规电容,B32521C1105J289,MKT 1uF ±5% 100V 袋装,封装/规格: 插件
安规电容,B32921C3683M289,X2 68nF ±20% 305V 袋装,封装/规格: 插件
安规电容,MP2472KGC2RLC,X2安规电容 4.7nF ±10% 275V 袋装,封装/规格: 13.0*5*11/P=10
安规电容,DE1E3KX222MA4BN01F,"2200pF（222）±20% 250V X1,Y1 袋装",封装/规格: 插件
安规电容,MP1153KRC2RLC,X1安规电容 15nF ±10% 300V 袋装,封装/规格: 13.0*5*11/P=10
安规电容,MEX334K300A04,300VAC/X1 0.33uF 袋装,封装/规格: 直插
安规电容,MP2334KGCASLC,X2安规电容 330nF ±10% 275V 袋装,封装/规格: 13.0*7.8*13.8/P=10
安规电容,MP2224KGD2XLC,X2安规电容 220nF ±10% 275V 袋装,封装/规格: 18.0*6*12/P=15
安规电容,MP2684KGF1RLC,X2安规电容 680nF ±10% 275V 袋装,封装/规格: 31.5*10.8*19.5/P=27.5
安规电容,B32923D3334K189,X2 330nF 10% 305V 袋装,封装/规格: 插件
安规电容,MEY473K275A01,275VAC/Y2  0.047uF 袋装,封装/规格: 插件
安规电容,MP2154KGD2RLC,X2安规电容 150nF ±10% 275V 袋装,封装/规格: 18.0*6*12/P=15
安规电容,MEX104K275A41,275VAC/X2 0.1uF 袋装,封装/规格: 直插P=10mm
安规电容,MP2333KGC1RLC,X2安规电容 33nF ±10% 275V 袋装,封装/规格: 12*4*9/P=10
安规电容,B32923C3105M000,X2 1uF ±20% 305V 袋装,封装/规格: 插件
安规电容,MEY152K275A03,275VAC/Y2 1500pF 袋装,封装/规格: 直插
安规电容,B32652A6224K000,MKP 220nF ±10% 250V 袋装,封装/规格: 插件
安规电容,B32923D3334K006,X2 330nF ±10% 305V 袋装,封装/规格: 插件
安规电容,MP1394KRDARLC,X1安规电容 390nF ±10% 300V 袋装,封装/规格: 18.0*10*15.8/P=15
安规电容,MP2154KGD3SLC,X2安规电容 150nF ±10% 275V 袋装,封装/规格: 18.0*7.5*13.5/P=15
安规电容,MP2394KGDARLC,X2安规电容 390nF ±10% 275V 袋装,封装/规格: 18.0*10*15.8/P=15
安规电容,B32672L1333J000,MKP 33nF ±5% 600V 袋装,封装/规格: 插件
安规电容,B32642B1273J000,MMKP 27nF ±5% 500V 袋装,封装/规格: 插件
安规电容,B32652A0104K000,MKP 100nF ±10% 250V 袋装,封装/规格: 插件
安规电容,B81123C1472M000,Y1 4.7nF ±20% 500V 袋装,封装/规格: 插件
安规电容,MP2394KGD5RLC,X2安规电容 390nF ±10% 275V 袋装,封装/规格: 18.0*9.5*15.5/P=15
安规电容,MP2394KGD3RLC,X2安规电容 390nF ±10% 275V 袋装,封装/规格: 18.0*7.5*13.5/P=15
安规电容,MP1103KRD1RLC,X1安规电容 10nF ±10% 300V 袋装,封装/规格: 18.0*5*11/P=15
安规电容,MP1154KTD3RLC,X1安规电容 150nF ±10% 440V 袋装,封装/规格: 18.0*7.5*13.5/P=15
安规电容,MP2473KGD3RLC,X2安规电容 47nF ±10% 275V 袋装,封装/规格: 18.0*7.5*13.5/P=15
安规电容,MP2103KGB1RLC,X2安规电容 10nF ±10% 275V 袋装,封装/规格: 10.5*4*9/P=7.5
安规电容,MP2224KGD2RLC,X2安规电容220nF 275V 袋装,封装/规格: 18*6*12/P=15
安规电容,MP2153KGC2RLC,X2安规电容 15nF ±10% 275V 袋装,封装/规格: 13.0*5*11/P=10
安规电容,MP2224KGCARLC,X2安规电容 220nF ±10% 275V 袋装,封装/规格: 13.0*7.8*13.8/P=10
安规电容,B32022A3473M000,MKP Y2安规电容 47nF ±20% 300V 袋装,封装/规格: 插件
安规电容,MP2124KGD2RLC,X2安规电容 120nF ±10% 275V 袋装,封装/规格: 18.0*6*12/P=15
安规电容,MP2224KVD4RLC,X2安规电容 220nF ±10% 320V 袋装,封装/规格: 18.0*8.4*14.5/P=15
安规电容,MP2274KGD4RLC,X2安规电容 270nF ±10% 275V 袋装,封装/规格: 18.0*8.4*14.5/P=15
安规电容,MP2473KVC3RLC,X2安规电容 47nF ±10% 320V 袋装,封装/规格: 13.0*6*12/P=10
安规电容,MP2474KGD5RLC,X2安规电容 470nF ±10% 275V 袋装,封装/规格: 18.0*9.5*15.5/P=15
安规电容,MP1224KTD4RLC,X1安规电容 220nF ±10% 440V 袋装,封装/规格: 18.0*8.4*14.5/P=15
安规电容,B32562J6474K000,MKT 470nF ±10% 400V 袋装,封装/规格: 插件
安规电容,MEX104K300A01,X1安规电容 300VAC/100nF 袋装,封装/规格: 插件
安规电容,MP2333KGC2RLC,X2安规电容 33nF ±10% 275V 袋装,封装/规格: 13.0*5*11/P=10
安规电容,MP2474KGDARLC,X2安规电容 470nF ±10% 275V 袋装,封装/规格: 18.0*10*15.8/P=15
安规电容,B32922C3154K000,MKP X2安规电容 150nF ±10% 305VAC 袋装,封装/规格: 插件6*12*18/P=15mm
安规电容,MP2105KGE3RLC,X2安规电容1uF 275V 袋装,封装/规格: 26.5*8.5*17/P=22.5
安规电容,MP1224KRE2RLC,X1安规电容 220nF ±10% 300V 袋装,封装/规格: 26.3*7*16.5/P=22.5
安规电容,MP1474KRE4RLC,X1安规电容 470nF ±10% 300V 袋装,封装/规格: 26.3*10*19/P=22.5
安规电容,MP1564KRE4RLC,X1安规电容 560nF ±10% 300V 袋装,封装/规格: 26.3*10*19/P=22.5
安规电容,MP2154KGE1RLC,X2安规电容 150nF ±10% 275V 袋装,封装/规格: 26.3*6*15/P=22.5
安规电容,MP2394KGE4RLC,X2安规电容 390nF ±10% 275V 袋装,封装/规格: 26.3*10*19/P=22.5
安规电容,MP2564KGE3RLC,X2安规电容 560nF ±10% 275V 袋装,封装/规格: 26.3*8.5*17/P=22.5
安规电容,MP2684KGE4SLC,X2安规电容 680nF ±10% 275V 袋装,封装/规格: 26.3*10*19/P=22.5
安规电容,MP1154KTE4RLC,X1安规电容 150nF ±10% 440V 袋装,封装/规格: 26.3*10*19/P=22.5
安规电容,MP2564KGE4RLC,X2安规电容 560nF ±10% 275V 袋装,封装/规格: 26.3*10*19/P=22.5
安规电容,MP1334KRD4RLC,X1安规电容 330nF ±10% 300V 袋装,封装/规格: 18.0*8.4*14.5/P=15
安规电容,MP1684KTE4RLC,X1安规电容 680nF ±10% 440V 袋装,封装/规格: 26.3*10*19/P=22.5
安规电容,MP2684KGE3RLC,X2安规电容 680nF ±10% 275V 袋装,封装/规格: 26.3*8.5*17/P=22.5
安规电容,MP2824KGE4RLC,X2安规电容 820nF ±10% 275V 袋装,封装/规格: 26.3*10*19/P=22.5
安规电容,MP1184KTE4RLC,X1安规电容 180nF ±10% 440V 袋装,封装/规格: 26.3*10*19/P=22.5
安规电容,MP2334KGD3RLC,X2安规电容 330nF ±10% 275V 袋装,封装/规格: 18.0*7.5*13.5/P=15
安规电容,MP2334KGE3RLC,X2安规电容 330nF ±10% 275V 袋装,封装/规格: 26.3*8.5*17/P=22.5
安规电容,MP1474KRDARLC,X1安规电容 470nF ±10% 300V 袋装,封装/规格: 18.0*10*15.8/P=15
安规电容,MP2474KGE4RLC,X2安规电容 470nF ±10% 275V 袋装,封装/规格: 26.3*10*19/P=22.5
安规电容,MP2223KGC2RLC,X2安规电容 22nF ±10% 275V 袋装,封装/规格: 13.0*5*11/P=10
安规电容,MEY102K275A01,275VAC/Y2 1000PF 袋装,封装/规格: 直插
安规电容,MP2332KGC2RLC,X2安规电容 3.3nF ±10% 275V 袋装,封装/规格: 13.0*5*11/P=10
安规电容,B32654A0334J000,MKP 330nF ±5% 250V 袋装,封装/规格: 插件
安规电容,MP2223KGC1RLC,X2安规电容 22nF ±10% 275V 袋装,封装/规格: 12*4*9/P=10
安规电容,MP2334KGE2RLC,X2安规电容 330nF ±10% 275V 袋装,封装/规格: 26.3*7*16.5/P=22.5
安规电容,B32923C3105M026,X2 1uF ±20% 305V 袋装,封装/规格: 插件
安规电容,MP1223KRC2RLC,X1安规电容 22nF ±10% 300V 袋装,封装/规格: 13.0*5*11/P=10
安规电容,MP2105KGF1RLC,X2安规电容 1uF ±10% 275V 袋装,封装/规格: 31.5*10.8*19.5/P=27.5
安规电容,MP2684KGE4RLC,X2安规电容 680nF ±10% 275V 袋装,封装/规格: 26.3*10*19/P=22.5
安规电容,MEY223K275A04,275VAC/Y2 22nF 袋装,封装/规格: 直插
安规电容,B32923C3225M000,X2 2.2uF ±20% 305V 袋装,封装/规格: 插件
安规电容,B32924C3225M000,X2 2.2uF 20% 305V 袋装,封装/规格: 插件
安规电容,MP1684KRD8RLC,X1安规电容 680nF ±10% 300V 袋装,封装/规格: 18.0*11.2*19.2/P=15
安规电容,MP2105KGE3SLC,X2安规电容 1uF ±10% 275V 停产了， 袋装,封装/规格: 26.3*8.5*17/P=22.5
安规电容,MP2684KGE2RLC,X2安规电容 680nF ±10% 275V 袋装,封装/规格: 26.3*7*16.5/P=22.5
安规电容,MP2684KGDAXLC,X2安规电容 680nF ±10% 275V 袋装,封装/规格: 18.0*10*15.8/P=15
安规电容,B32922C3684K000,MKP X2安规电容 680nF ±10% 305VAC 袋装,封装/规格: 插件11.0*18.5*18.0
安规电容,MP1104KRD2RLC,X1安规电容100nF 300V 袋装,封装/规格: 18*6*12/P=15
安规电容,MP1103KRB1RLC,X1安规电容 10nF ±10% 300V 袋装,封装/规格: 10.5*4*9/P=7.5
安规电容,MP2334KGD4RLC,X2安规电容 330nF ±10% 275V 袋装,封装/规格: 18.0*8.4*14.5/P=15
安规电容,MP2473KGD1RLC,X2安规电容 47nF ±10% 275V 袋装,封装/规格: 18.0*5*11/P=15
安规电容,B32924D3335K000,X2 3.3uF 10% 305V 袋装,封装/规格: 插件
安规电容,MP2105KVE3RLC,X2安规电容1uF ±10% 320V 袋装,封装/规格: 26.5*8.5*17/P=22.5
安规电容,B32924C3335M000,X2 3.3uF 20% 305V 袋装,封装/规格: 插件
安规电容,MP1474KRF1RLC,X1安规电容 470nF ±10% 300V 袋装,封装/规格: 31.5*10.8*19.5/P=27.5
安规电容,MP2105KGE5RLC,X2安规电容 1uF ±10% 275V 袋装,封装/规格: 26.3*11*20/P=22.5
安规电容,MP2155KGF3RLC,X2安规电容 1.5uF ±10% 275V 袋装,封装/规格: 31.0*14*25/P=27.5
安规电容,MEY332K275A02,275VAC/Y2 3300pF 袋装,封装/规格: 直插
安规电容,B32654A7334K000,MKP 330nF ±10% 500V 袋装,封装/规格: 插件
安规电容,MP2105KGE6RLC,X2安规电容 1uF ±10% 275V 袋装,封装/规格: 26.3*12*21.5/P=22.5
安规电容,MP1125KRE6RLC,X1安规电容 1.2uF ±10% 300V 袋装,封装/规格: 26.3*12*21.5/P=22.5
安规电容,MP1155KRE5RLC,X1安规电容 1.5uF ±10% 300V 袋装,封装/规格: 26.3*11*20/P=22.5
安规电容,MP2185KGE6RLC,X2安规电容 1.8uF ±10% 275V 袋装,封装/规格: 26.3*12*21.5/P=22.5
安规电容,B32776E8146K000,MKP 14uF ±10% 800V 袋装,封装/规格: 插件
安规电容,MP1474KTDARLC,X1安规电容 470nF ±10% 440V 袋装,封装/规格: 18.0*10*15.8/P=15
安规电容,MP1105KTE7RLC,X1安规电容 1uF ±10% 440V 袋装,封装/规格: 26.3*13*23/P=22.5
安规电容,MP1224KTE2RLC,X1安规电容 220nF ±10% 440V 袋装,封装/规格: 26.3*7*16.5/P=22.5
安规电容,MP1105KRE6RLC,X1安规电容 1uF ±10% 300V 袋装,封装/规格: 26.3*12*21.5/P=22.5
安规电容,MP2205K3F1RLC,X2安规电容 2uF ±10% 280V 袋装,封装/规格: 31.5*10.8*19.5/P=27.5
安规电容,MEX154K275A55,275VAC/X2 0.15uF 袋装,封装/规格: 插件P=10mm
安规电容,B32654A1154K000,MKP X1安规电容 150nF ±10% 1600VDC 袋装,封装/规格: 插件18*27.5*31.5/P=27.5mm
安规电容,MP2205KGF3RLC,X2安规电容 2uF ±10% 275V 袋装,封装/规格: 31.0*14*25/P=27.5
安规电容,MP2334KGDARLC,X2安规电容 330nF ±10% 275V 袋装,封装/规格: 18.0*10*15.8/P=15
安规电容,MP2155KGF2RLC,X2安规电容 1.5uF ±10% 275V 袋装,封装/规格: 31.5*13*21.6/P=27.5
安规电容,MP2225KGE7RLC,X2安规电容 2.2uF ±10% 275V 袋装,封装/规格: 26.3*13*23/P=22.5
安规电容,MP1105KTF2RLC,X1安规电容1uF 440V 袋装,封装/规格: 31.5*13*21.6/P=27.5
安规电容,MP1225KRF3RLC,X1安规电容 2.2uF ±10% 300V 袋装,封装/规格: 31.0*14*25/P=27.5
安规电容,DE1E3KX222MN4AN01F,"2200pF（222）±20% 250V X1,Y1 编带",封装/规格: 插件
安规电容,MP2225KGF3RLC,X2安规电容 2.2uF ±10% 275V 袋装,封装/规格: 31.0*14*25/P=27.5
安规电容,MP2155KGE6RLC,X2安规电容 1.5uF ±10% 275V 袋装,封装/规格: 26.3*12*21.5/P=22.5
安规电容,B32923C3225M006,X2 2.2uF ±20% 305V 袋装,封装/规格: 插件
安规电容,MP2405KGF4RLC,X2安规电容 4uF ±10% 275V 袋装,封装/规格: 31.1*16*25.5/P=27.5
安规电容,MP2205KGF1RLC,X2安规电容 2uF ±10% 275V 袋装,封装/规格: 31.5*10.8*19.5/P=27.5
安规电容,MP2475KGF8RLC,X2安规电容 4.7uF ±10% 275V 袋装,封装/规格: 31.5*22*31/P=27.5
安规电容,MP1335KRF8RLC,X1安规电容 3.3uF ±10% 300V 袋装,封装/规格: 31.5*22*31/P=27.5
安规电容,MP2473KGB2RLC,X2安规电容 47nF ±10% 275V 袋装,封装/规格: 10.5*5*11/P=7.5
安规电容,DE2E3KY222MN3AM02F,2.2nF(222) ±20% 袋装,封装/规格: 直插
安规电容,MP2335KGF8RLC,X2安规电容 3.3uF ±10% 275V 袋装,封装/规格: 31.5*22*31/P=27.5
安规电容,MP2105KGF2RLC,X2安规电容 1uF ±10% 275V 袋装,封装/规格: 31.5*13*21.6/P=27.5
安规电容,MP2475KGF7RLC,X2安规电容 4.7uF ±10% 275V 袋装,封装/规格: 31.5*18*26/P=27.5
安规电容,MP1474KTE4RLC,X1安规电容470nF 440V 袋装,封装/规格: 26.3*10*19/P=22.5
安规电容,MP2305KGF3RLC,X2安规电容 3uF ±10% 275V 袋装,封装/规格: 31.0*14*25/P=27.5
安规电容,MP1274KTF1RLC,X1安规电容 270nF ±10%  440V 袋装,封装/规格: 31.5*10.8*19.5/P=27.5
安规电容,MP2684KVDARLC,X2安规电容 680nF ±10% 320V 袋装,封装/规格: 18.0*10*15.8/P=15
安规电容,MP2103KGC2SLC,X2安规电容 10nF ±10% 275V 袋装,封装/规格: 13.0*5*11/P=10
安规电容,MP2224KGC3RLC,X2安规电容 220nF ±10% 275V 袋装,封装/规格: 13.0*6*12/P=10
安规电容,MEY333K275A01,275VAC/Y2 0.033uF 袋装,封装/规格: 直插 P=15mm
安规电容,MP2125KGE6RLC,X2安规电容 1.2uF ±10% 275V 袋装,封装/规格: 26.3*12*21.5/P=22.5
安规电容,MP2474KGDASLC,X2安规电容 470nF ±10% 275V 袋装,封装/规格: 18.0*10*15.8/P=15
安规电容,MEX474K300A01,300VAC/X1 0.47uF 袋装,封装/规格: 直插 脚距22.5mm
安规电容,CS45-E2GA222M-NKA,CS45-E2GA222M-NKA 袋装,封装/规格: 直插
安规电容,B25620B1427A101,"电力电容器 420uF -15%,0% 1100V",封装/规格: 85*135/P=32mm
安规电容,CS45-E2GA102M-NKA,CS45-E2GA102M-NKA 编带,封装/规格: 直插P=7.5mm
安规电容,MP1224KTE4RLC,X1安规电容 220nF ±10% 440V 袋装,封装/规格: 26.3*10*19/P=22.5
安规电容,MP2104KGC3SLC,X2安规电容 100nF ±10% 275V 袋装,封装/规格: 13.0*6*12/P=10
安规电容,MP2105K3F2ULC,X2安规电容 1uF ±10% 280V 袋装,封装/规格: 31.5*13*21.6/P=27.5
安规电容,MP2205KGE7RLC,X2安规电容 2uF ±10% 275V 袋装,封装/规格: 26.3*13*23/P=22.5
安规电容,MP2224KGE2RLC,X2安规电容 220nF ±10% 275V 袋装,封装/规格: 26.3*7*16.5/P=22.5
安规电容,MP2474KGF1RLC,X2安规电容 470nF ±10% 275V 袋装,封装/规格: 31.5*10.8*19.5/P=27.5
安规电容,MEY472K275A08,275VAC/Y2 4700pF 袋装,封装/规格: 直插 P=10mm
安规电容,MEX224K300A07,安规电容X1 0.22uF  300V 袋装,"封装/规格: 直插P=15mm,脚长3mm"
安规电容,MP2224KGD3RLC,X2安规电容220nF 275V 袋装,封装/规格: 18*7.5*13.5/P=15
安规电容,MP2474KGE2RLC,X2安规电容470uF 275V 袋装,封装/规格: 26.5*7*16.5/P=22.5
安规电容,MP2225KGF2RLC,X2安规电容2.2uF 275V 袋装,封装/规格: 32*13*21.6/P=27.5
高压电容,0805B104K101,100nF (104) ±10% 100V 编带,封装/规格: 0805
高压电容,0805B104K101,100nF (104) ±10% 100V 编带,封装/规格: 0805
高压电容,0805B104K101,100nF (104) ±10% 100V 编带,封装/规格: 0805
高压电容,CC1206KKX7RDBB102,1nF (102) ±10% 2KV 编带,封装/规格: 1206
高压电容,1206B102K102NT,1nF (102) ±10% 1KV 编带,封装/规格: 1206
高压电容,1206B104K101,100nF (104) ±10% 100V 编带,封装/规格: 1206
高压电容,1206B104K101,100nF (104) ±10% 100V 编带,封装/规格: 1206
高压电容,0603B222K101,2.2nF (222) ±10% 100V 编带,封装/规格: 0603
高压电容,1206B105K101,1uF (105) ±10% 100V 编带,封装/规格: 1206
高压电容,1206B105K101,1uF (105) ±10% 100V 编带,封装/规格: 1206
高压电容,0805B102K501,1nF (102) ±10% 500V 编带,封装/规格: 0805
高压电容,C1210X225K101T,2.2uF(225) ±10% 100V 编带,封装/规格: 1210
高压电容,0805N101J101,100pF (101) ±5% 100V 编带,封装/规格: 0805
高压电容,C1206X102K501T,1nF(102) ±10% 500V 编带,封装/规格: 1206
高压电容,1206B104K251,100nF (104) ±10% 250V 编带,封装/规格: 1206
高压电容,1206B104K251,100nF (104) ±10% 250V 编带,封装/规格: 1206
高压电容,1206B104K251,100nF (104) ±10% 250V 编带,封装/规格: 1206
高压电容,1206B104K251,100nF (104) ±10% 250V 编带,封装/规格: 1206
高压电容,1206B103K631,10nF (103) ±10% 630V 编带,封装/规格: 1206
高压电容,CC1206KKX7RCBB471,470pF(471) ±10% 1KV 编带,封装/规格: 1206
高压电容,1206B224K101,220nF (224) ±10% 100V 编带,封装/规格: 1206
高压电容,C1812X104K102T,100nF(104) ±10% 1000V 编带,封装/规格: 1812
高压电容,1206B102K202,1nF (102) ±10% 2KV 编带,封装/规格: 1206
高压电容,1206B102K202,1nF (102) ±10% 2KV 编带,封装/规格: 1206
高压电容,C1206X472K201T,4.7nF(472) ±10% 200V 编带,封装/规格: 1206
高压电容,C0603N220J101T,22pF(220) ±5% 100V 编带,封装/规格: 0603
高压电容,C1206X472K251T,4.7nF(472) ±10% 250V 编带,封装/规格: 1206
高压电容,1206B472K102,4.7nF (472) ±10% 1KV 编带,封装/规格: 1206
高压电容,1206B472K102,4.7nF (472) ±10% 1KV 编带,封装/规格: 1206
高压电容,C0805N102J101T,1nF(102) ±5% 100V 编带,封装/规格: 0805
高压电容,0805B102K201,1nF (102) ±10% 200V 编带,封装/规格: 0805
高压电容,0805B102K201,1nF (102) ±10% 200V 编带,封装/规格: 0805
高压电容,0805B102K201,1nF (102) ±10% 200V 编带,封装/规格: 0805
高压电容,0805B103K201,10nF (103) ±10% 200V 编带,封装/规格: 0805
高压电容,1206B103K102,10nF (103) ±10% 1KV 编带,封装/规格: 1206
高压电容,1206B103K102,10nF (103) ±10% 1KV 编带,封装/规格: 1206
高压电容,0603B471K101,470pF (471) ±10% 100V 编带,封装/规格: 0603
高压电容,0603B471K101,470pF (471) ±10% 100V 编带,封装/规格: 0603
高压电容,1206B103K501,10nF (103) ±10% 500V 编带,封装/规格: 1206
高压电容,C1206X103K501T,10nF(103) ±10% 500V 编带,封装/规格: 1206
高压电容,0805B103K501,10nF (103) ±10% 500V 编带,封装/规格: 0805
高压电容,0603N330J101,33pF (330) ±5% 100V 编带,封装/规格: 0603
高压电容,C0805X104K101T,100nF(104) ±10% 100V 编带,封装/规格: 0805
高压电容,0805N330J501,33pF(330) ±5% 500V 编带,封装/规格: 0805
高压电容,C1206X471K251T,470pF(471) ±10% 250V 编带,封装/规格: 1206
高压电容,C0805N151J101T,150pF(151) ±5% 100V 编带,封装/规格: 0805
高压电容,1206B222K102,2.2nF (222) ±10% 1KV 编带,封装/规格: 1206
高压电容,1206B222K102,2.2nF (222) ±10% 1KV 编带,封装/规格: 1206
高压电容,C1206X104K101T,100nF(104) ±10% 100V 编带,封装/规格: 1206
高压电容,C1206X102K102T,1nF(102) ±10% 1000V 编带,封装/规格: 1206
高压电容,C0805N561K251T,560pF(561) ±10% 250V 编带,封装/规格: 0805
高压电容,C1206X102K202T,1nF(102) ±10% 2000V 编带,封装/规格: 1206
高压电容,C1812X104K631T,100nF(104) ±10% 630V 编带,封装/规格: 1812
高压电容,C1206X332K251T,3.3nF(332) ±10% 250V 编带,封装/规格: 1206
高压电容,0805B222K101,2.2nF (222) ±10% 100V 编带,封装/规格: 0805
高压电容,0805B222K101,2.2nF (222) ±10% 100V 编带,封装/规格: 0805
高压电容,0805B222K101,2.2nF (222) ±10% 100V 编带,封装/规格: 0805
高压电容,0603N101J251,100pF (101) ±5% 250V 编带,封装/规格: 0603
高压电容,C1206X221K101T,220pF(221) ±10% 100V 编带,封装/规格: 1206
高压电容,C1206X151K102T,150pF(151) ±10% 1000V 编带,封装/规格: 1206
高压电容,0805B222K251,2.2nF (222) ±10% 250V 编带,封装/规格: 0805
高压电容,0805B222K251,2.2nF (222) ±10% 250V 编带,封装/规格: 0805
高压电容,C1206X333K251T,33nF(333) ±10% 250V 编带,封装/规格: 1206
高压电容,0805B681K101,680pF (681) ±10% 100V 编带,封装/规格: 0805
高压电容,C1206X223K251T,22nF(223) ±10% 250V 编带,封装/规格: 1206
高压电容,C1206X222K251T,2.2nF(222) ±10% 250V 编带,封装/规格: 1206
高压电容,0805B102K251,1nF (102) ±10% 250V 编带,封装/规格: 0805
高压电容,0805N560J101,56pF (560) ±5% 100V 编带,封装/规格: 0805
高压电容,C1206X105K101T,1uF(105) ±10% 100V 编带,封装/规格: 1206
高压电容,0805B471K251,470pF (471) ±10% 250V 编带,封装/规格: 0805
高压电容,C1812X225K101T,2.2uF(225) ±10% 100V 编带,封装/规格: 1812
高压电容,C1210X225M101T,2.2uF(225) ±20% 100V 编带,封装/规格: 1210
高压电容,C1210X225M101T,2.2uF(225) ±20% 100V 编带,封装/规格: 1210
高压电容,0805N102J101,1nF (102) ±5% 100V 编带,封装/规格: 0805
高压电容,0805N102J101,1nF (102) ±5% 100V 编带,封装/规格: 0805
高压电容,C1206N150J102T,15pF(150) ±5% 1000V 编带,封装/规格: 1206
高压电容,C1206X224K101T,220nF(224) ±10% 100V 编带,封装/规格: 1206
高压电容,C1206X471K102T,470pF(471) ±10% 1000V 编带,封装/规格: 1206
高压电容,0805B473K101,47nF (473) ±10% 100V 编带,封装/规格: 0805
高压电容,C1812X104K251T,100nF(104) ±10% 250V 编带,封装/规格: 1812
高压电容,1206N101J102,100pF (101) ±5% 1KV 编带,封装/规格: 1206
高压电容,1206N101J102,100pF (101) ±5% 1KV 编带,封装/规格: 1206
高压电容,0805B103K101,10nF (103) ±10% 100V 编带,封装/规格: 0805
高压电容,0805B103K101,10nF (103) ±10% 100V 编带,封装/规格: 0805
高压电容,1206B122K251,1.2nF (122) ±10% 250V 编带,封装/规格: 1206
高压电容,1206B102K501,1nF (102) ±10% 500V 编带,封装/规格: 1206
高压电容,1206B102K501,1nF (102) ±10% 500V 编带,封装/规格: 1206
高压电容,1206B102K501,1nF (102) ±10% 500V 编带,封装/规格: 1206
高压电容,C0603X104K101T,100nF(104) ±10% 100V 编带,封装/规格: 0603
高压电容,1808B102K202NT,1nF (102) ±10%  2KV 编带,封装/规格: 1808
高压电容,C0805X105K101T,1uF(105) ±10% 100V 编带,封装/规格: 0805
高压电容,1206N100J102,10pF (100) ±5% 1KV 编带,封装/规格: 1206
高压电容,1206N100J102,10pF (100) ±5% 1KV 编带,封装/规格: 1206
高压电容,0805B471K501,470pF (471) ±10% 500V 编带,封装/规格: 0805
高压电容,C0805X103K201T,10nF(103) ±10% 200V 编带,封装/规格: 0805
高压电容,0805B472K201,4.7nF (472) ±10% 200V 编带,封装/规格: 0805
高压电容,CC1206KKX7RCBB221,220pF(221) ±10% 1KV 编带,封装/规格: 1206
高压电容,1206B683K201,68nF (683) ±10% 200V 编带,封装/规格: 1206
高压电容,0805B221K251,220pF (221) ±10% 250V 编带,封装/规格: 0805
高压电容,0805B223K251,22nF (223) ±10% 250V 编带,封装/规格: 0805
高压电容,0805B223K251,22nF (223) ±10% 250V 编带,封装/规格: 0805
高压电容,0603B221K101,220pF (221) ±10% 100V 编带,封装/规格: 0603
高压电容,C1206N220J102T,22pF(220) ±5% 1000V 编带,封装/规格: 1206
高压电容,1206N680J202,68pF (680) ±5% 2KV 编带,封装/规格: 1206
高压电容,1206N680J202,68pF (680) ±5% 2KV 编带,封装/规格: 1206
高压电容,0805B471K201,470pF (471) ±10% 200V 编带,封装/规格: 0805
高压电容,0805N101J201,100pF (101) ±5% 200V 编带,封装/规格: 0805
高压电容,0805N101J201,100pF (101) ±5% 200V 编带,封装/规格: 0805
高压电容,1206B471K251,470pF (471) ±10% 250V 编带,封装/规格: 1206
高压电容,C1210X105K101T,1uF(105) ±10% 100V 编带,封装/规格: 1210
高压电容,C1206X681K102T,680pF(681) ±10% 1000V 编带,封装/规格: 1206
高压电容,C1206X102K251T,1nF(102) ±10% 250V 编带,封装/规格: 1206
高压电容,0805B152K101,1.5nF (152) ±10% 100V 编带,封装/规格: 0805
高压电容,1206N222J631,2.2nF (222) ±5% 630V 编带,封装/规格: 1206
高压电容,1206B681K102,680pF (681) ±10% 1KV 编带,封装/规格: 1206
高压电容,1206B222K631,2.2nF (222) ±10% 630V 编带,封装/规格: 1206
高压电容,0805N471J251,470pF (471) ±5% 250V 编带,封装/规格: 0805
高压电容,1206B103K251,10nF (103) ±10% 250V 编带,封装/规格: 1206
高压电容,C1206X103K251T,10nF(103) ±10% 250V 编带,封装/规格: 1206
高压电容,0603B103K101,10nF (103) ±10% 100V 编带,封装/规格: 0603
高压电容,0603B103K101,10nF (103) ±10% 100V 编带,封装/规格: 0603
高压电容,C1808X222K202T,2.2nF(222) ±10% 2000V 编带,封装/规格: 1808
高压电容,C1210X104K501T,100nF(104) ±10% 500V 编带,封装/规格: 1210
高压电容,0805B472K501,4.7nF (472) ±10% 500V 编带,封装/规格: 0805
高压电容,0805B103K251,10nF (103) ±10% 250V 编带,封装/规格: 0805
高压电容,0805B103K251,10nF (103) ±10% 250V 编带,封装/规格: 0805
高压电容,1210B105K101,1uF (105) ±10% 100V 编带,封装/规格: 1210
高压电容,1210B105K101,1uF (105) ±10% 100V 编带,封装/规格: 1210
高压电容,0805B221K501,220pF (221) ±10% 500V 编带,封装/规格: 0805
高压电容,0805B221K501,220pF (221) ±10% 500V 编带,封装/规格: 0805
高压电容,C1206X103K101T,10nF(103) ±10% 100V 编带,封装/规格: 1206
高压电容,C1206X104K451T,100nF(104) ±10% 450V 编带,封装/规格: 1206
高压电容,1206B222K501,2.2nF (222) ±10% 500V 编带,封装/规格: 1206
高压电容,0805B472K101,4.7nF (472) ±10% 100V 编带,封装/规格: 0805
高压电容,C1206X331K101T,330pF(331) ±10% 100V 编带,封装/规格: 1206
高压电容,C1206X472M251T,4.7nF(472) ±20% 250V 编带,封装/规格: 1206
高压电容,C0805N471K251T,470pF(471) ±10% 250V 编带,封装/规格: 0805
高压电容,C0805N681J251T,680pF(681) ±5% 250V 编带,封装/规格: 0805
高压电容,C1206X681K101T,680pF(681) ±10% 100V 编带,封装/规格: 1206
高压电容,C0805N221K251T,220pF(221) ±10% 250V 编带,封装/规格: 0805
高压电容,C0805X102K251T,1nF(102) ±10% 250V 编带,封装/规格: 0805
高压电容,C0805X681K251T,680pF(681) ±10% 250V 编带,封装/规格: 0805
高压电容,C0805N331K251T,330pF(331) ±10% 250V 编带,封装/规格: 0805
高压电容,C1206X473K251T,47nF(473) ±10% 250V 编带,封装/规格: 1206
高压电容,0805B391K101NT,390pF (391) ±10% 100V 编带,封装/规格: 0805
高压电容,C0805N331J101T,330pF(331) ±5% 100V 编带,封装/规格: 0805
高压电容,C1206X332K501T,3.3nF(332) ±10% 500V 编带,封装/规格: 1206
高压电容,C1812X103K202T,10nF(103) ±10% 2000V 编带,封装/规格: 1812
高压电容,C0805N101J251T,100pF(101) ±5% 250V 编带,封装/规格: 0805
高压电容,C1206X331K201T,330pF(331) ±10% 200V 编带,封装/规格: 1206
高压电容,C1206N101J102T,100pF(101) ±5% 1000V 编带,封装/规格: 1206
高压电容,0805N331J101,330pF (331) ±5% 100V 编带,封装/规格: 0805
高压电容,0805N331J101,330pF (331) ±5% 100V 编带,封装/规格: 0805
高压电容,0805B331K501,330pF (331) ±10% 500V 编带,封装/规格: 0805
高压电容,C0805X221K251T,220pF(221) ±10% 250V 编带,封装/规格: 0805
高压电容,0805B102K101,1nF (102) ±10% 100V 编带,封装/规格: 0805
高压电容,C1812X474K251T2.0M,470nF(474) ±10% 250V 编带,封装/规格: 1812
高压电容,C1206X471K201T,470pF(471) ±10% 200V 编带,封装/规格: 1206
高压电容,0805N221J101,220pF (221) ±5% 100V 编带,封装/规格: 0805
高压电容,0805B472K251,4.7nF (472) ±10% 250V 编带,封装/规格: 0805
高压电容,1206B102K101,1nF (102) ±10% 100V 编带,封装/规格: 1206
高压电容,1206B102K101,1nF (102) ±10% 100V 编带,封装/规格: 1206
高压电容,0805N560J251,56pF (560) ±5% 250V 编带,封装/规格: 0805
高压电容,C0603X221K101T,220pF(221) ±10% 100V 编带,封装/规格: 0603
高压电容,C0805X222K251T,2.2nF(222) ±10% 250V 编带,封装/规格: 0805
高压电容,C1808X151K302T,150pF(151) ±10% 3000V 编带,封装/规格: 1808
高压电容,C1206X332K101T,3.3nF(332) ±10% 100V 编带,封装/规格: 1206
高压电容,C0805N102J251T,1nF(102) ±5% 250V 编带,封装/规格: 0805
高压电容,C1206N681K631T,680pF(681) ±10% 630V 编带,封装/规格: 1206
高压电容,C1206X473K631T,47nF(473) ±10% 630V 编带,封装/规格: 1206
高压电容,C1206X471K101T,470pF(471) ±10% 100V 编带,封装/规格: 1206
高压电容,C1808N680J202T,68pF(680) ±5% 2000V 编带,封装/规格: 1808
高压电容,C1210X223K501T,22nF(223) ±10% 500V 编带,封装/规格: 1210
高压电容,C1206N470J202T,47pF(470) ±5% 2000V 编带,封装/规格: 1206
高压电容,C0805N471K501T,470pF(471) ±10% 500V 编带,封装/规格: 0805
高压电容,C1210X224K201T,220nF(224) ±10% 200V 编带,封装/规格: 1210
高压电容,0805B221K201,220pF (221) ±10% 200V 编带,封装/规格: 0805
高压电容,C1206X473K101T,47nF(473) ±10% 100V 编带,封装/规格: 1206
高压电容,C1206X682K102T,6.8nF(682) ±10% 1000V 编带,封装/规格: 1206
高压电容,C1206N330J102T,33pF(330) ±5% 1000V 编带,封装/规格: 1206
高压电容,C1206X471K202T,470pF(471) ±10% 2000V 编带,封装/规格: 1206
高压电容,C1206X222K101T,2.2nF(222) ±10% 100V 编带,封装/规格: 1206
高压电容,0805B331K201,330pF (331) ±10% 200V 编带,封装/规格: 0805
高压电容,C0805X473K101T,47nF(473) ±10% 100V 编带,封装/规格: 0805
高压电容,C1206X472K101T,4.7nF(472) ±10% 100V 编带,封装/规格: 1206
高压电容,C1206X333K501T,33nF(333) ±10% 500V 编带,封装/规格: 1206
高压电容,C1206N471J501T,470pF(471) ±5% 500V 编带,封装/规格: 1206
高压电容,1206B221K102,220pF (221) ±10% 1KV 编带,封装/规格: 1206
高压电容,1206B221K102,220pF (221) ±10% 1KV 编带,封装/规格: 1206
高压电容,1206B221K102,220pF (221) ±10% 1KV 编带,封装/规格: 1206
高压电容,C1206X332K102T,3.3nF(332) ±10% 1000V 编带,封装/规格: 1206
高压电容,C1206X331K102T,330pF(331) ±10% 1000V 编带,封装/规格: 1206
高压电容,C1210N101J202T,100pF(101) ±5% 2000V 编带,封装/规格: 1210
高压电容,1206B332K631,3.3nF (332) ±10% 630V 编带,封装/规格: 1206
高压电容,C1210X102K202T,1nF(102) ±10% 2000V 编带,封装/规格: 1210
高压电容,C1206X153K631T,15nF(153) ±10% 630V 编带,封装/规格: 1206
高压电容,1206B102K102,1nF (102) ±10% 1KV 编带,封装/规格: 1206
高压电容,1206B102K102,1nF (102) ±10% 1KV 编带,封装/规格: 1206
高压电容,1206B472K501,4.7nF (472) ±10% 500V 编带,封装/规格: 1206
高压电容,C1808X102K202T,1nF(102) ±10% 2000V 编带,封装/规格: 1808
高压电容,C1206N222J501T,2.2nF(222) ±5% 500V 编带,封装/规格: 1206
高压电容,C1206N100J202T,10pF(100) ±5% 2000V 编带,封装/规格: 1206
高压电容,C1206N271J102T,270pF(271) ±5% 1000V 编带,封装/规格: 1206
高压电容,C1206X103K201T,10nF(103) ±10% 200V 编带,封装/规格: 1206
高压电容,C0805N820J101T,82pF(820) ±5% 100V 编带,封装/规格: 0805
高压电容,C1206N680J102T,68pF(680) ±5% 1000V 编带,封装/规格: 1206
高压电容,C0805N471J501T,470pF(471) ±5% 500V 编带,封装/规格: 0805
高压电容,C1206N101J202T,100pF(101) ±5% 2000V 编带,封装/规格: 1206
高压电容,C0603X223K101T,22nF(223) ±10% 100V 编带,封装/规格: 0603
高压电容,1206B683K251,68nF (683) ±10% 250V 编带,封装/规格: 1206
高压电容,C1808N680J302T,68pF(680) ±5% 3000V 编带,封装/规格: 1808
高压电容,C1812X102K202T,1nF(102) ±10% 2000V 编带,封装/规格: 1812
高压电容,C1812N331J202T,330pF(331) ±5% 2000V 编带,封装/规格: 1812
高压电容,C1210X104K251T,100nF(104) ±10% 250V 编带,封装/规格: 1210
高压电容,C0805X103K101T,10nF(103) ±10% 100V 编带,封装/规格: 0805
高压电容,C1206X222K201T,2.2nF(222) ±10% 200V 编带,封装/规格: 1206
高压电容,C1206X273K631T,27nF(273) ±10% 630V 编带,封装/规格: 1206
高压电容,C0805X102K501T,1nF(102) ±10% 500V 编带,封装/规格: 0805
高压电容,C1210N473K101T,47nF(473) ±10% 100V 编带,封装/规格: 1210
高压电容,C1808X681K302T,680pF(681) ±10% 3000V 编带,封装/规格: 1808
高压电容,C1206N332J631T,3.3nF(332) ±5% 630V 编带,封装/规格: 1206
高压电容,C1206X222K501T,2.2nF(222) ±10% 500V 编带,封装/规格: 1206
高压电容,C1210X103K102T,10nF(103) ±10% 1000V 编带,封装/规格: 1210
高压电容,1808B102K202,1nF (102) ±10% 2KV 编带,封装/规格: 1808
高压电容,1808B102K202,1nF (102) ±10% 2KV 编带,封装/规格: 1808
高压电容,C1206N152K631T,1.5nF(152) ±10% 630V 编带,封装/规格: 1206
高压电容,C1210N561J102T,560pF(561) ±5% 1000V 编带,封装/规格: 1210
高压电容,1206B471K501,470pF (471) ±10% 500V 编带,封装/规格: 1206
高压电容,C1206X152K202T,1.5nF(152) ±10% 2000V 编带,封装/规格: 1206
高压电容,C1206N103K101T,10nF(103) ±10% 100V 编带,封装/规格: 1206
高压电容,C1206N102J501T,1nF(102) ±5% 500V 编带,封装/规格: 1206
高压电容,C1210X224K101T,220nF(224) ±10% 100V 编带,封装/规格: 1210
高压电容,C1808X102M502T0,1nF(102) ±20% 5000V 编带,封装/规格: 1808
高压电容,1206B102K251,1nF (102) ±10% 250V 编带,封装/规格: 1206
高压电容,1206B222K101,2.2nF (222) ±10% 100V 编带,封装/规格: 1206
高压电容,C1206X472K501T,4.7nF(472) ±10% 500V 编带,封装/规格: 1206
高压电容,C1206N103J101T,10nF(103) ±5% 100V 编带,封装/规格: 1206
高压电容,C1206N221J202T,220pF(221) ±5% 2000V 编带,封装/规格: 1206
高压电容,C1206X223K101T,22nF(223) ±10% 100V 编带,封装/规格: 1206
高压电容,C1808X471K302T,470pF(471) ±10% 3000V 编带,封装/规格: 1808
高压电容,C1210X224K251T,220nF(224) ±10% 250V 编带,封装/规格: 1210
高压电容,C1206N560J102T,56pF(560) ±5% 1000V 编带,封装/规格: 1206
高压电容,C0805X331K251T,330pF(331) ±10% 250V 编带,封装/规格: 0805
高压电容,C1206N820J102T,82pF(820) ±5% 1000V 编带,封装/规格: 1206
高压电容,C1206X222K202T,2.2nF(222) ±10% 2000V 编带,封装/规格: 1206
高压电容,C1206N681J102T,680pF(681) ±5% 1000V 编带,封装/规格: 1206
高压电容,C1206X472K102T,4.7nF(472) ±10% 1000V 编带,封装/规格: 1206
高压电容,C1206X821K102T,820pF(821) ±10% 1000V 编带,封装/规格: 1206
高压电容,C1206X224K251T,220nF(224) ±10% 250V 编带,封装/规格: 1206
高压电容,C1206X224K251T,220nF(224) ±10% 250V 编带,封装/规格: 1206
高压电容,C1206X221K501T,220pF(221) ±10% 500V 编带,封装/规格: 1206
高压电容,C1808N331J202T,330pF(331) ±5% 2000V 编带,封装/规格: 1808
高压电容,0805B331K101,330pF (331) ±10% 100V 编带,封装/规格: 0805
高压电容,0805B331K101,330pF (331) ±10% 100V 编带,封装/规格: 0805
高压电容,C1206X224K201T,220nF(224) ±10% 200V 编带,封装/规格: 1206
高压电容,C1210X222K202T,2.2nF(222) ±10% 2000V 编带,封装/规格: 1210
高压电容,C1206X563K501T,56nF(563) ±10% 500V 编带,封装/规格: 1206
高压电容,0805N470J501,47pF (470) ±5% 500V 编带,封装/规格: 0805
高压电容,C0805N101J201T,100pF(101) ±5% 200V 编带,封装/规格: 0805
高压电容,C1206N680J202T,68pF(680) ±5% 2000V 编带,封装/规格: 1206
高压电容,0805B152K631,1.5nF (152) ±10% 630V 编带,封装/规格: 0805
高压电容,0603B223K101,22nF (223) ±10% 100V 编带,封装/规格: 0603
高压电容,C1210X225M101TX,2.2uF(225) ±20% 100V 编带,封装/规格: 1210
高压电容,C1206X472K202T,4.7nF(472) ±10% 2000V 编带,封装/规格: 1206
高压电容,C1206X561K102T,560pF(561) ±10% 1000V 编带,封装/规格: 1206
高压电容,C1206X221K251T,220pF(221) ±10% 250V 编带,封装/规格: 1206
高压电容,C1206X333K631T,33nF(333) ±10% 630V 编带,封装/规格: 1206
高压电容,C1206N471J102T,470pF(471) ±5% 1000V 编带,封装/规格: 1206
高压电容,C1812X103K102T,10nF(103) ±10% 1000V 编带,封装/规格: 1812
高压电容,C1210X473K501T,47nF(473) ±10% 500V 编带,封装/规格: 1210
高压电容,C0805X103K251T,10nF(103) ±10% 250V 编带,封装/规格: 0805
高压电容,C0805X223K251T,22nF(223) ±10% 250V 编带,封装/规格: 0805
高压电容,C1812X274K101T,270nF(274) ±10% 100V 编带,封装/规格: 1812
高压电容,C1812X682K102T,6.8nF(682) ±10% 1000V 编带,封装/规格: 1812
高压电容,C1812X824K101T,820nF(824) ±10% 100V 编带,封装/规格: 1812
高压电容,C2021X151K302T,150pF(151) ±10% 3000V 编带,封装/规格: 2021
高压电容,C2211X151K302T,150pF(151) ±10% 3000V 编带,封装/规格: 2211
高压电容,CT81N5Y5V1B102MSE,高压电容 1nF (102) ±20% 1KV 袋装,封装/规格: 插件P=5mm
高压电容,C1812X561K502T,560pF(561) ±10% 5000V 编带,封装/规格: 1812
高压电容,C2021X561K502T,560pF(561) ±10% 5000V 编带,封装/规格: 2021
高压电容,CT81M10Y5P1D222KSE,2.2nF(222) ±10% 2KV 袋装,封装/规格: 直插P=7.5mm
高压电容,C1812N682J501T,6.8nF(682) ±5% 500V 编带,封装/规格: 1812
高压电容,C1812X332K202T,3.3nF(332) ±10% 2000V 编带,封装/规格: 1812
高压电容,C1210X104M501T,100nF(104) ±20% 500V 编带,封装/规格: 1210
高压电容,C1812X682K202T,6.8nF(682) ±10% 2000V 编带,封装/规格: 1812
高压电容,C1206N102J102T,1nF(102) ±5% 1000V 编带,封装/规格: 1206
高压电容,C1210X102K102T,1nF(102) ±10% 1000V 编带,封装/规格: 1210
高压电容,0805N102J201,1nF (102) ±5% 200V 编带,封装/规格: 0805
高压电容,1812B334K251,330nF (334) ±10% 250V 编带,封装/规格: 1812
高压电容,C1210X104M351T,100nF(104) ±20% 350V 编带,封装/规格: 1210
高压电容,C1812X332K302T,3.3nF(332) ±10% 3000V 编带,封装/规格: 1812
高压电容,C1206X474K101T,470nF(474) ±10% 100V 编带,封装/规格: 1206
高压电容,C1812N102J202T,1nF(102) ±5% 2000V 编带,封装/规格: 1812
高压电容,C1812X471K102T,470pF(471) ±10% 1000V 编带,封装/规格: 1812
高压电容,C1206X273K501T,27nF(273) ±10% 500V 编带,封装/规格: 1206
高压电容,C1808N330J302T,33pF(330) ±5% 3000V 编带,封装/规格: 1808
高压电容,C1812X334K251T,330nF(334) ±10% 250V 编带,封装/规格: 1812
高压电容,CC0805KKX7RBBB103,10nF(103) ±10% 500V 编带,封装/规格: 0805
高压电容,0805B222K501,2.2nF (222) ±10% 500V 编带,封装/规格: 0805
高压电容,1210B223K501,22nF(223) ±10% 500V 编带,封装/规格: 1210
高压电容,C1206X221K102T,220pF(221) ±10% 1000V 编带,封装/规格: 1206
高压电容,C1210X223K102T,22nF(223) ±10% 1000V 编带,封装/规格: 1210
高压电容,C1812X473K102T,47nF(473) ±10% 1000V 编带,封装/规格: 1812
高压电容,C1206N470J102T,47pF(470) ±5% 1000V 编带,封装/规格: 1206
高压电容,C1210X473K102T,47nF(473) ±10% 1000V 编带,封装/规格: 1210
高压电容,C1812X224K251T,220nF(224) ±10% 250V 编带,封装/规格: 1812
高压电容,C1206N222K631T,2.2nF(222) ±10% 630V 编带,封装/规格: 1206
高压电容,C1206X272K501T,2.7nF(272) ±10% 500V 编带,封装/规格: 1206
高压电容,C1206X334K101T,330nF(334) ±10% 100V 编带,封装/规格: 1206
高压电容,1206B152K501,1.5nF (152) ±10% 500V 编带,封装/规格: 1206
高压电容,1210B474K251,470nF (474) ±10% 250V 编带,封装/规格: 1210
高压电容,C1812X105K101T,1uF(105) ±10% 100V 编带,封装/规格: 1812
高压电容,C1206X103K202T,10nF(103) ±10% 2000V 编带,封装/规格: 1206
高压电容,CT81P12Y5V4D103MTE,10nF(103) ±20% 3KV 袋装,封装/规格: 插件
高压电容,C0805N101J501T,100pF(101) ±5% 500V 编带,封装/规格: 0805
高压电容,C1206X473K501T,47nF(473) ±10% 500V 编带,封装/规格: 1206
高压电容,C1812N102J302T,1nF(102) ±5% 3000V 编带,封装/规格: 1812
高压电容,C1812X105K251T,1uF(105) ±10% 250V 编带,封装/规格: 1812
高压电容,C1812X105K251T,1uF(105) ±10% 250V 编带,封装/规格: 1812
高压电容,C1812X472K202T,4.7nF(472) ±10% 2000V 编带,封装/规格: 1812
高压电容,C1812X474K501T,470nF(474) ±10% 500V 编带,封装/规格: 1812
高压电容,C1812X222K202T,2.2nF(222) ±10% 2000V 编带,封装/规格: 1812
高压电容,C1812N683K101T,68nF(683) ±10% 100V 编带,封装/规格: 1812
高压电容,C1812X471K202T,470pF(471) ±10% 2000V 编带,封装/规格: 1812
高压电容,C1812X824K451T,820nF(824) ±10% 450V  停产 编带,封装/规格: 1812
高压电容,C1812X684K451T,680nF(684) ±10% 450V 编带,封装/规格: 1812
高压电容,1206B103K101,10nF (103) ±10% 100V 编带,封装/规格: 1206
高压电容,1206B103K101,10nF (103) ±10% 100V 编带,封装/规格: 1206
高压电容,C1206X104K251T,100nF(104) ±10% 250V 编带,封装/规格: 1206
高压电容,C1812X104K501T,100nF(104) ±10% 500V 编带,封装/规格: 1812
高压电容,C1206N5R0C102T,5pF(5R0) ±5% 1000V 编带,封装/规格: 1206
高压电容,C1206X102K201T,1nF(102) ±10% 200V 编带,封装/规格: 1206
高压电容,C1812N104K101T,100nF(104) ±10% 100V 编带,封装/规格: 1812
高压电容,C1812X474K451T,470nF(474) ±10% 450V 编带,封装/规格: 1812
高压电容,C1812X102K102T,1nF(102) ±10% 1000V 编带,封装/规格: 1812
高压电容,C1210X683K631T,68nF(683) ±10% 630V 编带,封装/规格: 1210
高压电容,C1206X222K102T,2.2nF(222) ±10% 1000V 编带,封装/规格: 1206
高压电容,C0805X102K102T,1nF(102) ±10% 1000V 编带,封装/规格: 0805
高压电容,C1206X223K501T,22nF(223) ±10% 500V 编带,封装/规格: 1206
高压电容,1206B223K631,22nF (223) ±10% 630V 编带,封装/规格: 1206
高压电容,C1206X225K101T,2.2uF(225) ±10% 100V 编带,封装/规格: 1206
高压电容,C1206N100J102T,10pF(100) ±5% 1000V 编带,封装/规格: 1206
高压电容,C1206X223K631T,22nF(223) ±10% 630V 编带,封装/规格: 1206
高压电容,C1210X474M251T,470nF(474) ±20% 250V 编带,封装/规格: 1210
高压电容,CT81N9Y5V1B103MSE,10nF(103) ±20% 1KV 袋装,封装/规格: 插件
高压电容,0603B102K101,1nF (102) ±10% 100V 编带,封装/规格: 0603
高压电容,0603B102K101,1nF (102) ±10% 100V 编带,封装/规格: 0603
高压电容,0603N101J101,100pF (101) ±5% 100V 编带,封装/规格: 0603
高压电容,0805B471K101,470pF (471) ±10% 100V 编带,封装/规格: 0805
高压电容,0805B681K201,680pF (681) ±10% 200V 编带,封装/规格: 0805
高压电容,0805B681K251,680pF (681) ±10% 250V 编带,封装/规格: 0805
高压电容,1206B104K201,100nF (104) ±10% 200V 编带,封装/规格: 1206
高压电容,1206B152K251,1.5nF (152) ±10% 250V 编带,封装/规格: 1206
高压电容,1206B471K102,470pF (471) ±10% 1KV 编带,封装/规格: 1206
高压电容,1206B471K102,470pF (471) ±10% 1KV 编带,封装/规格: 1206
高压电容,1206N220J102,22pF (220) ±5% 1KV 编带,封装/规格: 1206
高压电容,1206N220J102,22pF (220) ±5% 1KV 编带,封装/规格: 1206
高压电容,1206N470J102,47pF (470) ±5% 1KV 编带,封装/规格: 1206
高压电容,1206N470J102,47pF (470) ±5% 1KV 编带,封装/规格: 1206
高压电容,1206CG5R0C102NT,5.0pF (5R0) ±0.25pF 1KV 编带,封装/规格: 1206
高压电容,2220B105K201NT,1uF (105) ±10% 200V 编带,封装/规格: 2220
高压电容,C0805N121J251T,120pF(121) ±5% 250V 编带,封装/规格: 0805
高压电容,C0805N332K251T,3.3nF(332) ±10% 250V 编带,封装/规格: 0805
高压电容,C0805N470J201T,47pF(470) ±5% 200V 编带,封装/规格: 0805
高压电容,C0805X103K501T,10nF(103) ±10% 500V 编带,封装/规格: 0805
高压电容,CT81N5Y5P1B471KSE,470pF(471) ±10% 1KV 袋装,封装/规格: 直插P=5mm
高压电容,CT81N7Y5V1B472MSE,4.7nF(472) ±20% 1KV 袋装,封装/规格: 插件
安规电容,B32921C3103M289,X2 10nF ±20% 305V 袋装,封装/规格: 插件
安规电容,DE1E3KX472MA4BN01F,"4700pF（472）±20% 250V X1,Y1 袋装",封装/规格: 插件P=10mm
